-- MySQL dump 10.13  Distrib 8.0.41, for Win64 (x86_64)
--
-- Host: 127.0.0.1    Database: aps
-- ------------------------------------------------------
-- Server version	8.0.41

/*!40101 SET @OLD_CHARACTER_SET_CLIENT=@@CHARACTER_SET_CLIENT */;
/*!40101 SET @OLD_CHARACTER_SET_RESULTS=@@CHARACTER_SET_RESULTS */;
/*!40101 SET @OLD_COLLATION_CONNECTION=@@COLLATION_CONNECTION */;
/*!50503 SET NAMES utf8 */;
/*!40103 SET @OLD_TIME_ZONE=@@TIME_ZONE */;
/*!40103 SET TIME_ZONE='+00:00' */;
/*!40014 SET @OLD_UNIQUE_CHECKS=@@UNIQUE_CHECKS, UNIQUE_CHECKS=0 */;
/*!40014 SET @OLD_FOREIGN_KEY_CHECKS=@@FOREIGN_KEY_CHECKS, FOREIGN_KEY_CHECKS=0 */;
/*!40101 SET @OLD_SQL_MODE=@@SQL_MODE, SQL_MODE='NO_AUTO_VALUE_ON_ZERO' */;
/*!40111 SET @OLD_SQL_NOTES=@@SQL_NOTES, SQL_NOTES=0 */;

--
-- Table structure for table `certificados`
--

DROP TABLE IF EXISTS `certificados`;
/*!40101 SET @saved_cs_client     = @@character_set_client */;
/*!50503 SET character_set_client = utf8mb4 */;
CREATE TABLE `certificados` (
  `id_certificado` int NOT NULL AUTO_INCREMENT,
  `id_usuario` int DEFAULT NULL,
  `id_ponto` int DEFAULT NULL,
  `descricao` text,
  `certificado` longblob,
  `data_geracao` datetime DEFAULT CURRENT_TIMESTAMP,
  PRIMARY KEY (`id_certificado`),
  KEY `id_usuario` (`id_usuario`),
  KEY `id_ponto` (`id_ponto`),
  CONSTRAINT `certificados_ibfk_1` FOREIGN KEY (`id_usuario`) REFERENCES `usuario` (`id_usuario`),
  CONSTRAINT `certificados_ibfk_2` FOREIGN KEY (`id_ponto`) REFERENCES `ecopontos` (`id_ponto`)
) ENGINE=InnoDB AUTO_INCREMENT=17 DEFAULT CHARSET=utf8mb4 COLLATE=utf8mb4_0900_ai_ci;
/*!40101 SET character_set_client = @saved_cs_client */;

--
-- Dumping data for table `certificados`
--

LOCK TABLES `certificados` WRITE;
/*!40000 ALTER TABLE `certificados` DISABLE KEYS */;
INSERT INTO `certificados` VALUES (16,1,NULL,'Participação no Projeto',_binary 'PNG\r\n\Z\n\0\0\0\rIHDR\0\0\0\0\0\0\0޵\\\0\0\0gAMA\0\0|Q\0\0\0 cHRM\0\0\0\0\0\0R\0\0@\0\0}y\0\0\\0\0<\\0\0\s<w\0\0\n/iCCPICC Profile\0\0HǝwTT\Ͻwz\0\z.0. Qf\\0\Ml@DEHb!(`HPb0dF\J|yy\\\ǽ\\g\s\{.\0$O./ \'\z8\WGб\0x\00Y驾A\@$/7z\	\He\\OOҬT\0\0\_\\lN:K\\"N\\3\"\$F/JP\rb[䥟}\Q\\d[\\S\\l1x{#b\G\\\NoX3I\[ql2\0$8x\tr\0p/8\p\Cfq.Knjm͠{r28?\\\.)ɩL^6\0g,qm\\"[Z[Z\Z~Q7%\\\"\n\3\\R\\0`̊j\[\~\0: w\!\0$E}k\yh\yRm333\:\r}=#v\ʉe\ntq\X)I)B>==\\\\r<\8X\Zȉ\9<QDhʸ8Qyl£sy0\OZk(\05\Hݠ\\>yP\\\\:8p΍\Lg	k\k	Ѐ\0$\t!0V87`\ɀ2A.\\n@\JP\A#h\'@8\r.\\:	\`\`a!2D\!UH2\ dA>P ECqB\**Z:]B\=h~\\L2\r\\	\5p\N\:|ó@\rQC\!H,\G6 H9R ]H/rAw(Q(OTJCm@*QGQ\\-\(j	MF+\r\6h/*t:].G7\З\w\\\7\Xa<1\\:L1\\0s3\\bXy\\eb\\~\1\9\ vGĩ\\p\+\5\\\qy^oó\|=?\'Htv`Ba3\BDxHxE$Չ\\\0\"XA<NB%#ɐI.HtttL&k\dy\'|V\"a$\%\(Q%\.1(B/%\$V2G\\\\r\i)SjT\)aYitttU\I[&_\\E1\nBѠPX-z\%\8CաzQE\o\Y\eYUgdGhM\EK\NІh\(/qZ\YcI˒%srrrBV;r\\\n\;\)2*\\RV*\*O(\W\)V\SUVQPNUޯ|QyZ⨒RrVeJj\U-S=.Kw\'\+\=5%5O5ZZڼzzz#\rC#VL[cFSU\W3WY^OWkN[G;L{vNN\C]nn\m=C/Q\\M}X\B?^Jl`i58`0\z)oi\\aCaa\\\\(Ϩ\腱qn\^\O&&I&&LeLW\vjo\22mN6w7\h\ir2β\\ZP,|-Yt[|\[XNYiZE[U[\r3F1\5\\\zi\w666\\Z\&\6\N.\Y\Y^|\NݎiWk7bO?d?\\tsx\\\vlpp\sJp:\\\ę\\\<\b\\\+\\\Z\\\&\\V\\]\=ν\}\\\c\yO\n\a/e/W\\\n\Wx+\}|a\{|\Z\[\\=\O>\0\P4\4077\&\9$An0;T2421t.\54ld+s\;#\r\V\]=iY9FgM֚k\&=%Ō:nc\1gcbcfX.}\lGv{c\)\L\\Ŗ\N\\\퉛w/\p+/<j\$.$%&㒣OdxTԂԑ4i3|o~C:&S@L	u[Uo3C3OfIgwdO\\|;W-ws\\z\r17jl\\8\c\\͉̈́\3\+\{%lKWr[$\n\\l\lGm\n\\acO\\kE&E\EY\׾2⫅;K,K\\\\\\Z\\htiN\\\=\e²\{^-_V^Oo§s\]?T\WީrjV\Q=w}`\\Z嚢\\zԶ\iו\\8>k\׍\r\n\rE\r\r<\\h\\ؤ\T\7E\7--֢\\o:\}$\d\wZ\UQ\\nۡ\\΁S+Nuw\v}o\j\Ȟ)9K8v\\\ι\\/\]\\~pq\\\==/]\~bS\+vWN_z\\Z\Z\u\\\}}m?X\\o\\~\\F\M\]\\:^\z\m\\לּ302tw8rx\.\佤{/\gܟ\!a\#G叕\c\\șQ\Ѿ\'AOƞӇ\\fܧn>[ly\邟~\_\Y53r\\\W򯎼^{\\7so\\}\x\>\\|\쇊z>yz7)\0\0\0	pHYs\0\0.#\0\0.#x?v\0\0giTXtXML:com.adobe.xmp\0\0\0\0\0<?xpacket begin=\'﻿\' id=\'W5M0MpCehiHzreSzNTczkc9d\'?>\r\n<x:xmpmeta xmlns:x=\"adobe:ns:meta/\"><rdf:RDF xmlns:rdf=\"http://www.w3.org/1999/02/22-rdf-syntax-ns#\"><rdf:Description rdf:about=\"uuid:faf5bdd5-ba3d-11da-ad31-d33d75182f1b\" xmlns:dc=\"http://purl.org/dc/elements/1.1/\"><dc:creator><rdf:Seq xmlns:rdf=\"http://www.w3.org/1999/02/22-rdf-syntax-ns#\"><rdf:li>Naativa</rdf:li></rdf:Seq>\r\n			</dc:creator></rdf:Description><rdf:Description rdf:about=\"uuid:faf5bdd5-ba3d-11da-ad31-d33d75182f1b\" xmlns:exif=\"http://ns.adobe.com/exif/1.0/\"><exif:DateTimeOriginal>2025-05-08T23:08:10.189</exif:DateTimeOriginal></rdf:Description><rdf:Description rdf:about=\"uuid:faf5bdd5-ba3d-11da-ad31-d33d75182f1b\" xmlns:xmp=\"http://ns.adobe.com/xap/1.0/\"><xmp:CreateDate>2025-05-08T23:08:10.189</xmp:CreateDate></rdf:Description></rdf:RDF></x:xmpmeta>\r\n<?xpacket end=\'w\'?>l\\0\0\0!tEXtCreation Time\02025:05:08 23:08:10\\0:\0\0IDATx^\\y|T\?\s\d,@ a	b U\"h-\\Joq݋h(\Jk[kA\mj,ADHB̜c\<\Y\\|ޯΫ}f\,y#\/-\\#@dq9ݶ|Ѯ\DD.\Sr\jl\*oµP\Hd5j\Srp\;\U\%G\\5\"\"\"\"Dc(%\"\"\"c(%\"\"\"c(%\"\"\"c(%\"\"\"c(%\"\"\"c(%\"\"\"c(%\"\"\"c(%\"\"\"c(%\"\"\"c(%\"\"\"c(%\"\"\"c(%\"\"\"c(%\"\"\"c(%\"\"\"c(%\"\"\"c(%\"\"\"c(%\"\"\"c(%\"\"\"c(%\"\"\"c(%\"\"\"c(%\"\"\"c(%\"\"\"c(%\"\"\"c(%\"\"\"c(%\"\"\"c(%\"\"\"c(%\"\"\"c(%\"\"\"c(%\"\"\"c(%\"\"\"c(%\"\"\"c(%\"\"\"|\ZxEnHg#Gɖ\D~n\\&\" \:EL\\\g\CMq8gK\\3[\\&\"\"\"Xz\Gxn\\N]3(\J(\J(\J(\J(\J(\J(\J(\J(\J(\J(\J(\J(\J(\J(\J(\J(\J(\J(\J(\J(\J(\J(\J(\J(\J(\J(\J(\J(\J(\J(\J(\J(\J(\J(\J(\J(\J(\J(\J(\J(\J(\J(\J(\J(\J(\J(\J(\J(\J(\J(\J(\J(\J(\J(\J(\J(\J(\J(\J(\J(\J(\J(\J(\J(\J(\J(\J(\J(\J(\J(\J(\J(\J(\J(\J(\J(\J(\J(\J(\JH=\\'L#oµPܐHg%BL\\!\v\ۯ\\\Ɖ\O\_o\\߀\i\\\n\쫾>WЧ`Z\@\+\r\S/\ož\X9\6\UUA	B\V8gRR\]סi\ZS\\\\\\\\NN\'N\'4A\4螓t߮nH<\{}\rݶ\h\y\\\\e\\0\\\\˧\Z\'\\)j\\/QUࣨ\\BDa0R\x|4)Mo\I3/e\7B7zĉ\r67\M\`\\ĺ/\\DdC)EE3P\L۰SP\\r~\Xݡ():	3wߊ\r3EqO\\\\^\<:\\XݡT\ne(n~\0׬Au\PJ}x{>^OMs{<=\\d-r\O\**YCi>\'|\3Ź{VT\ke\q?(\\:4\502dA\Z\U\"O\\\ލU\\ލ9\D\D\4iJ\0\N\<(,X\Q+\\\nQ\죰l\B\WxqҏY(R\	iD	NC\ndϮ\nD~VVކmSĲ\7\"Ln&N)\5\n|ڮz\h\0]u\\Z\W䖡\"Ӌ\'c|A\eiq\\\)9\\aH\"\s\\\\͍;P\U\'\\\\\DUf\\C(\^\'!E8j\;8\o3\>\Z\K.\8Z-r9\\[	\rSTZS\;\\>{Za;\0`\s\1\>6x~|:~p@wdܖ\\\\\m>_ߛ]P|?ޏP̼_=P\2:\r[kJ/\P\\Y\N)\3/\\\͍;\g\ro_`\\2d\\WX.2{@w1@,o\й{č\n\^\>N\\\\\'߇@yw8\"5\7K}W\/SG.0.ߵH.v૱|vT_uxg\\w\ț}\n\\|l/\\rS\\a\f.Z~䗆6}}y\Zqk\|\{\M(\妰\9ӱ~\*\0½y\`^ |P\J9|4g\\\ڮz\\\\\\\0׬A\WasC\\;\"\\J\\\d\\\;\\9aWޑK\o\r\\<\5|y]nb_\a9G>ySv.0\a\r\\?Q\*j\o\bޞe\;\\\\;Jv4 2HS1\\1x?(1Z\޳B^s:\_ƿj\1\obgɰ\c\\e˻P\_{)$.\~A\\\\˥廣\\\k6]?\\\\e\v4});$\wg\\\\|<o\>\\.7\ZMTP1ZkHN[Pb74OЈ\Gק\ԝM\DI\\Ľ`ʷ\nqbG\-{\c\\\i\\/\;>Nn˖ۀ?/Ǚ\8pDN\\$~YkzC\Gȥ\yQ\v\\e\{Dj}&Z\_\'\\A\\Jto\}9}\O\\7\\'\5ĭ\"#g[\\[Nɒ\\$\{\\ zln\\Pl0\k~),Ϸ\dT<#\s`7j\\NJ\˻\K{QI4C\o#<#jޞer\\Bhb13G\\\\јS:=\)\\\\\\A\\	\\Yo5X\7\=\u{[=:\\\Zp\7xVU\\W{ĦCvo\\6\7\o_%[\\\υ\a::	&GfpűG\\\X0x\ZB_5f)_\\\\\_\\ʧ\ъ?~}\\nF~{:pqQ\j\ք}\xȻq-p\?܁c\\!ff\\\<wBQZ{a_oM]	\a\\V\{\\7\R~P\>\\.VڮAcZ$\Wx\}l\g\\0\>y\Dr\@͎~\\\RVx9O0txn9󿋆+\ĭ\\\nwo\`J&c\r\\\\=\݄LC\g\>F\\!󼧟u3^Ǣs\ъj\M\d|\M(\hL\/\.\G1:IyPJc(xχbdC\g\?اH-3\~iœ\\_6<\\.QVxږ\ke\9\\Co\=#o\~\-0໨\\r:}h\aI_=6\"r\mX6b\\S\z$\\\aky5\;]8\r:TP\1\H\^V\G#\DEC\\xvx㢵AOGHP[\Zw\n~@HD\\r)\Ζ\h%un\\\!{v4}w\\\\O?y/\\{G\ph-~\\\\\}H\{?\\#}v\Tc)Q9\\c\>\\\A\P\ZD\Gk΀п8Ԃ>C\)Yu\ᩓN3w\*/Uli\o~\OrN\\\\'7ޠ߬pC͎\\\\\@*\!#\\+9ԏ\0\0hv~V\;\`[M\\*V\{\F={={\\\?\.\%Zr\\J#\\\&\\\,VmFu\\_\\\\\%r,:	fZ$awj\;;дؽ\}o?\\\\\pk!\xS7\wzH͉\\\ÿ\}}\g՘r)\\\A\Pj\sE\\CC3xߊaPH[!H\4\0]>\4M>+P=Go\n59]TL\+Q*b(5pIs:2WԨPЙdZ$8\\rܒ:	\k\\#n\-\\y\\\y;U%{t}C	ףl֜3<<\»͍\C\_\'TL\KS~*-!S\;!hIZdV\FVE+0\I-\<{pC{{[\\;\nCpoyu\nx?	>ߊG>\'k\ʏɨUcZ6\"\8\]dF\\\K\\M}Vz\\'fB݌׃\l4m\?Ő8(<X$\)Z\z\?\W\\\\ʾ\\a\ON\/B\r#Gy8\Qi\7\?\0`B\k\ϔY\\9~\po\Zo!txPb1y/9ZdFUq\\\#X~$a 77\5k=%s{\\;=B\\\\>E+Yp\T\s]\\/\;.\Qp<|W_[z_[ #\j\;x6\\0_\Ѩ\yd!p\\TSAnjH\=RATO\Ksmg݉qS\\\`GX~䗸\@T?\W?̨l\hq\e$\umy~[\߼\>h>\¾\\\\>s|\>\\*r\\\<\5\\\?n\.\\ǂ\CF\ъm5ޓ\\i\P0r\<\>*%y\\\\Z\Z\NTyudl(]I\nE2q\\Y+\[y{\\H|2;ZU<9\a.\#rH\$ܔh)\ټWw+\-|\\"|y]a{c<\\r~ͽ\>\\\\9\c2_\{Ofw}+Y<\\!\5&\kT<sUd\3\`\ཌV\n\0j2bٹO\\>qGP_~\r@g\u\\NMҘ\Q\\\RB-0\ѽ\{?3\̜רx=\\>\ܰ\ǧb/cBg>]èGZ[.G\J{~/\[z\A\׉\\"v6\٫J&<\|W.E\+B|Z$C ͒K\#\˄ʰ.zK\A\\K\F}}l\Y#\g\\\\#a7iĽN\-FZ4t.޸hm\S\"Bed\\"m\b>1H$^B=\\~^\n{k\r6\m˖n\NaS}S$V\r\F,˦X\Ho\K@_\'-ζ[\\ʐP\\H}l0\'r9\r잶!\\\<7q%\Zaɯ\\n@seF\L\[zǁ\\\\+-Cg\{\\Nk\\Ek\n-\7g\K}<ur\\\0\:	\\J\`{v4f\\\\\\0*r\ҔFt9\qd\\a{\\1p?VSi\ޗ\\T\\"*\JmiJ<\ѝZ\Tb۔\'\Ekh\ܐ\ken\\\ZIZv(\5\Tz[dt%tZp\	2\>\nT\\%\u̸`߆C:NhF^*\Zx_po\^J\3F잶\\'\n*^\?\\\'\\S+*\lG&\\\\"\#\/\\\\rtx\Qb+ˆi\#S\\BmW,տ(~:	B!\Tmg߱#\\Ʃi?\n)@UҪ\(X?(rK/ԅnW\\\0JDI\"0M\P92)RY!\=W\\\\qLDDQIP\+\Ȋt\&CQ`)J=Gb\YS\b(h&\"2/%B3\DDi\wzf\P\\oaR\\\'\"2\{z\7JD)\wH_n#\"\"_\\6ODF\C1\5\G#)˄RQz\B(\"P,Ju͵D<b\kJDF,JF(\\=?QjF(%\"\D\\\kJeR\"$\u\2C)p!e(R\"\"\\G\4Qf`(%\",\\>eR\"\"\g4%t\PJD\"t`&\PJDDDDI\PJDDDDI\PJDDDDI\PJDDdI?LȒ\\ JkDDDDtDDDDtDDDDtDDDDtDDDDtDDDV\\aJ(\J(\J(\J(\J(\J(\J(\J(\J(\J(\J(\J(\J(\J(\J(\J($\8	5\e\"\4DD\C)$\ql\'\\V{5N΃\4&Vg\\5\:y\\\'!\31Q@J\ Z_tw\9i-\; v\G\\O!z@8>К!\g\XBk~)s/\&)槡4?)\0 oµPܐHB5_.Q\\o\\\\0\3\(4\\05B8\ \iq\Z\5C @)\~Е\\ŀ\\m(U	=O\\0z>\0C73 ~\\\\\?3Q@3?8G\\\0g\RrtG-DO\rଇp\z|V%\r\\G\s4p@\rE)=z\$itQ +%	\)w =.78])[H\PJ\P\\PJd=J\PO\\'8KW@+#-Oh\rP?\9\s\0#%T@\Cםγ\<#+4!Jh9gO3	\rK\Dᨅ\\\G\\\¯\e\n\\nv\"\nH˿\nZo\e?j\t\˖#\0(=`k}YgW\vf\\Ct\.\syJ3\g\\u0s6>\ɯ\v\\ZgCܖ$zj`5d \s?`(%_Ln.\\b	B;\5\ή\D\N\(-v\0=@\x>ș\\\r5\yʹ\A	Yu{Bk\e	Jw5lKB+v8ܟrD8D\\;;6|J\%)Pw\ֲBiۜ \ZZځˁ\\0u|A9S\N\\[\t\\\\\J\n\\zl8KWAW\-DD^D\h%\r/\	q\\善zԎy\0j˳\ŭB\\0\\\W棚; ڷA۰2\\5Z\\8S:]@(p1\K\\"\"?Dd?\({\:\A=%v\\@i{\\\X\9@\\nf\0梚\8\rY\N~j\B\9\J\x\\e\v<8Z\T09\(\1aΒ۠]/(g~|W3lg~\0\O{\J\tm=?\rȽHn5FkҴnS>G\)\[6|?VXJ~-\'\\EDL\\p\\y\\\	j\_a; W\3j\	(ٮa\r1\3P\<\n۩P:ŭMm}j\\\c+\Ihٓ\\"J\\n\/\MV+c$\\ǠnV9i\\\\jL\1ߡt/FE\\\\\!\\\\Q4\rQHDd\\C/Zn\Bi\(#\"\\*lM?\9&7]\ۀ\]b~+)7ѵjbM?@\l\04=%\y9\qסULb(%\P\,}\0zrr\ 4Hq|[\#Pڷ2N7z+|Ȏ\QiypD\E\_];\Z\^g\\Б%7\PJDӡ\9pK\&j\zj@ԶP(AiO;dB/\" \"X\0\aJ\\raJ\kr\Kϙ\C1Qt\\,o\y\0\0Z8p\\\(o1t@\@\0\j\	!\\Z\sM0Iϙ(\0\0z\g\S\\"On\"\"2l8>\n=ʿ;ŵh\}ؚ~8N\M&٣\\D۟a;J>)$\~\\\\\R\"	\\W\D:TrR\J\\A\.cG-\0\PڃP;;!:)\'T8Z\-A	@t\8\n-w\ZY(E\c\ᅺr9qt\|QL\ٟ_\]f.\(\	d\-\\NAmyZn	JG\p~b(\	g#D\l@J\\\\\";L\$Գ?\0\\Qr1)\<\rۧ	\k`;\0\߁\9$-锶](2Z?P\-)\~qyL3%@鮆\lg\KS>	R4/\w`;\;4V\tE.YZ+;!LE۟~z\.7%\0to@Pe(\\A=L>;	R4$\' \e\т\^\\סYD[Ŋ\\'(\\\2EJ\ʁra\/\\\M	tjz^\\>\2Rt\7\0;\nmK̏QھJ\r;Q\r\#\\op~*ĕp|ۧw@Nj\\0g\*R488\!@\0\F\r@\\\Zj\k\\eOZ\'w!Dwh\q\>OEn9CmzS߄\\%7\]]-\DJҔ,8>\>Gn\Ct۩yBkcF\xJ\fL\"#POB\[bB	E\N+_z@\rЊ\%\"JQ|b\\P\\0¯\M}\N(\~\ɯBm\M>GTԎmP\$)^s\f\USD\^g~(tS\C90\l\s.\Ih9(M0R\=	N7:\V|\J\#	J~5\"J^(m/\e3h{\r\_\刈\Z\>ݵVnL\0\\,{\ZZ\d5ͥ\\Q(\A\}>EU*\>\'l@\'\uR{O\W\SQT\@Z8K\Y6Pn\n#u)8\VÄ\yL\"z\)r\\	(]\\e\\\F[\\r6hEǐ\B+í2\0C)Y7x\\P*w8?\\i\0SQ7\\r0\\\n@\RZl8Zɿ\Qt\rJ\BB7\r׮9:\05\#kP\[喰\[ݍPZ6\07z\\\Β;\C)%W\Oap\\^UU\\M\E.ŷ1\\A=\r9,\M\rMwY[\P\<,W\R\<l|\V\\1\\m#\\̓a(\5wL\\	\;U@uO?P\\j9\,_=g\܇h\\R8CiO\Mc_\ |\\r\\@\$jh{J۫r9(\m\\\K)\\v8Z^t(u1R|\~PoO!\\;U\Li8KW\t]\\0\ر\a;\\\Tl~y\Cl\9|єB;\^$WMQ\\qR.\\\"Z\8lБ-2C)\V2&\RUu\O\x@+\\\A+|h󡫃\r@j\@hO\\O\\q_\rlE/W\\\\K\r,~\\9Y	\j8Β;+E9(1RtBB\5?\\\\y\E\c\\۵ϥm0\|\=;\rZ\\8w\\k\\8\\Onz\%r\ѵʹ\\倜+ۯ3z\\\\'C^c\Q|\ZxEnHCU@\Z\/wJ,\J4*t]\\uГqКakz$W۟u\\-]8\|%\3{\pB\0\\'rqJC~]p\0OqB\g,%\\?\u\ǋ=dkg{C\w\;5\=FUZR\04d Ϟƽ\\u\:\Qp\7DDc(P\{p*\y͵?/݇\rZyQ\a@>c\\i5a z=DD\0R_\\l(v\\P\⼒_\Pړ8\\0=\T\o@3W.[P5EF̏\/OD鈡\|,y̤\\n*^\JǛi?l\t%\:\rH\[l\\\\\5Et\H$\\w)1yd8\\M\<\L\}A\xK.Ov<t&\r5gr\B\EwR\0jӓ\\2)\F\J=\\*\.V\?6\zqY(\\Ǧk\>o\n\>O\8ѾMb\ӕR\(\\=5N\mV\\(\\O\0\0:Zpq^ŗ\`Gsǝ7\5LKDD0f\vNwh\`8U:\\0t\\N+ߩ\v\\֝y	dG@J\\9\A\|W\P\܋l6n\fD\OABk\\}!t8\ҵK.ۆag\)\S7\|\[\'\HG\\6@n#|%ɽNS.Q`(MK0\]$7SJMO\'p)\\\+!N,h|u^H\BS\>[j5>\܀~\GR\\Z\\)sDr9.\\P[\w\"\[\\Ȫ\E\\Jӊ#zg/\:\uh\}\k!j\5?~\\\\	_oiK\0O``A\\\WGb!4@r\r)&\0\sj\3\\\n\+\/Ҵ\\[uz\I߫ \"crIc\\	\p\O\z\ɛ!\At@\H\B|,7sZ.yS\0phNhhM\M^wE=T\vJV\ά\ĵZi-D\\\2\r,	&\yV\3f[F׀ν\'\\\m[!4sG(Ȅ^ҷ[\\ԃｙ\6Oo\\0\0Y\ö#\oP@V\\rj\\0\F\\BD\$\Ǥ\j̒9`\\5\y\ՋZ=\\lB8s\n8_eVs\\S\Y\\\\\\Qڶȥj\Oa;q-\Oӵ`kjJ\@ϻT1 \P=Iyt`ЏA+\Y\0Z\'в	8Zn\r\ϵL\'i<\'|\ֈr9ݍg䒵\\9\)ow\\\Biy\^\]\nG\(&Q20Փ\0<KЇ*~ȽYYs6g~.W\: W\R]W\=\P\&4^\o\\aQu\H_(\ϸ~E\V\/pc\j\9\\nR.0\P=ҳFB\w!P\Z(\\g\r\apexwf\.g\\s\"Waք\\a\\R@J\_\1Y#ۯ\^8<!\D%C\	!|$\nN\/^=`f`\oK\I\}E!f\\\NK\\G\\.-\%\G\USD\^C\\\\\R`J.:\\i\v|n\"JAd\`>Ǩ\'2Kg^r3!\~\ȻPUɹ\\!C\\\zl5G\r\r\\\ں)g\6D.J>\C+Yg\/\:B\Z.Ddyáz=]Cϛ߭\8\MWOj\@c?\r.Jql)C{[(ƞPD\?\R!\\Y$\s\\p~\B΢stD\\JD Q:WOjѿBϟa|r\A:tc)\r?oT\)\(yr\\>lh9\\-\2\Y1#\\nӏE!\;J&m\cuPF.KL\rH6]W\!\sO\"J-@Q\%\s+ik\r\J`k\@5ڭ\4\܋8\\O)!Bi_4@.\\~8\'\\)\\,\"\ʗ\H.\4$A\0\ྱ\\Q|_e\c\"\z}O\Q@I\zJIJ/^\TC染\K\qY\&DdCi\"qRN\\_\n]\\10~\Z\=D\pǃ\\p=2\\ǂO\'\\ZB.vd(J\ilim\\2G\\"\P\0\\4s\'S]\Nي\rN\a]>mr\҄?6\c\"\\P\ZW\CrR{M^7(\=~ +xG9\0\\\\"\"\i)n\\Gg\p=q\)\\dK@s\\\	Q\ED\-EϽ\F\vהW\2\\c&N\r~Pfa(5\&(ehO)\0`MU߿Z9.=?\2!%\0ƒ;S\n\0\n\\\n\0MQ#Y?r46\\\汧`(ϖOD$] \߄h\\n\\'\-\\\ѵ\qBk\;嫈=\0\3(\\Ģ8\a.U\bwH\T\\\pč2\\\B\+rC\"\n\\[\!\sH\Eh\\0\\M\	\\"Pu}PU\6W`8\rFY\0\?\\O\M!\4v,w	:\Us?g\j@J6(\[\Gf\\V=kЕ:j1R\,=#PU.\'=Q\o@\#R\0\\uDC@v\\@\<\\sE\|\\\)G\S0{c\Ri{	j\ \\z>zFq\oPZ\\v_!\\#\"ŧM\R{R\\\Tׁ\\ \\+P\~حy\Rgp<}rBO\n\\K!\cP{񏖁\\8\\U`m\p\\ׇñdo~[g<ZȖK\~\'bCkڴVZ^r_\D\\)\c\SB\WO\˱a+=\ןh\rоC.\T}t\=\rWav..TKJq\\0\W,>#Ԯe\?\p9k\K\qw?\j[OO@׃RN)\\&4h\.WM\s1h\\\#\\W\\=q\Ll\\4-\\$*)%Nh;\\H]\\Sy(&\r	\uw\\\1獃g67Er\Wؑf\\Ђb<\0a/t\##p\_1S\\Y<d \\rpD.K>\0\S\~^.Ō^0K.\0Y\n$!R\~IFG)\0\\-8Q\\\YC\03\3\g\\lg;\#|i\A܃?O{\Z4V>Wt\ZM+\W\J\~sZ.a4\3\	\?\ӓ\\z\l\\ϻ,w6\\Mѱ\rVp\\%\"\	dS@\>@\vmӣ\0p_wh)\VU}j\n \\M\m\1\]\\\\l\:\jsmY3qw\Ήߦ\Vٿ_.\\'a\Z3tᗧ\	;1\p\^l\`\Ǧ\@\_\)zp\\J8Ci#Ah\\0յ`\,\0Z\CO>\S\"Ya\ EMD\\@ѕsb\;}{\o\\0;\f\Fc\\'y?l-Ǧ7\U\r;&g\\o\\r:1\n?N\PU%#\=~\5\/V\~!\q*@kt?Ht\\\\0J)J` ˕+W\!G\%\:v1c\89.g~\\0.ޖ\\i\Q1*Ǡ +WW~\7{:\0x@\n\0]\\?+\\d\F\j\\\"\"\I+!)\Zn1LlT\\%Ʈ6\zW?\\{rߙz\\$V<\"\[Juv(b\%]\vN\\\G\\\]M\\|Zn\04E#\7\C\%\">g\"\E5?g\Yt`ǙOp\q\\Α\v:p\?1\\e\\f{\X|c8\6}*\r\o\Ї@\#\)cO)O\4c\RJ佦Z\tK\1\\\֎\ʃG䲟\'\\\\]\%L\mDCi Dk\~M\\sXV|=\0?}UG\e\\\7\\\XH\@\n\0v\\Z*W\\\y\ BD\Cijͻ2\0^\HLΫ=\xȬimE#\\Z\̉\r\i_~>Fd3\}9\r\'u\0taoJDԏ*\+(\$KK]ga\\\r9[v[#ʏ\4ҿV\3\ǀ<m~|K\rEyvENB\mog\@Dԇ+2\/7?M`GQL:J.\Мv\\\sZ.ݚEc\%SR|/٦>\r( R7EQHBɊ~\\\Z]\ѓkG\ɶf<\\yoi \\ASƷw:v:Ća(B?,ح\\[2C{s|E(C$(T[qm0֡sMm\\}q+VTt?~\QԤ\!8r\f\\7b$F\\ZXT\4ѳ\M(31rs|\"Ct(a\\Tx_\p4^\\\\w\'7\}=A\"\rD\2~\@=\XpD\\0\r$\5CD/\\7\\'2%AW\\Gw\n\t\9\\2ֆC[u\mo\\k\rP\Ǯ\\rٰ\\Z\\zY\n8-\nF\\|R\"2.C*\\"\HY#\J\\(\3f_\mȶ߿s\~c\G\\gʓr\RH\}\|\\\nL\0zt=Z\\r((*4 $\\t#̆|-\ZXJ{\\\vL6F.\\1q\\\b\SZ\(\OZ2O\\4\nc~mh\\n=o\\\rI\\Y%\Y\"OP\\\\\\vN}@o76e\ j<be(\>tt\:\G\flqh\8-\⥖~mK\\\rX3}nbl\\\}\\\\\|c{{\\X<\Pl\In2l\%`Q\1X\!\z\D8\\\倔\=PZ~\w\9\^-@\茎z\"\m\	\hg2pGl\!\\\\D]\'3\\\0\ZVo\ӱ8MYx`9\J\\\W1.-5e\\\'1x\\\\\r)\\\\Ǎ9\n_v@DH@ϛ!=\\\u@t\\\a;M\N\\[\\n(mBh\\\"\n\DiL\\!\v\+7?\\ CZ+\+\ZX\$WGw!G5\c\:Ɩ\\\hղ\r\\\\\vc?J\\;\(\\\}\x\֣K\n\0ZP\ z9\@m\ lǯEV\76=\z|n\"JqJ9ҍ\;!:ޅ8$ĩ[O.N.ά\hE\@U	(\\z<>\|lѻ\RX]\\t\\(X?\O\ƶJlI\:G.\14;\\0D)~*\.\66}\0\}J˯~z\'l\gvN\~\r\s\ND֕9R\0D\.O\u\r8\\'A*^(W\!\[\tT\\\P\idE0\'o\qc\Jz1|O߄xC\\om\\&BR\0t\\US\RPZ\r\K\Z\[\r(\\sQȐ\yF\Z\\\ȭ\)y@[\0í\0*w?8v:{pA{y\\\=;\\\\\\aw\\T:k/49U\0\0Bf\\\rJϻ\u~a\Yסl@hXEDH)]G\;[P5\E\n1\gd|\Pa\\'0w\yrSPE\r)ƎV\2qﶗ\G\<}p/\\U\\Û_\D)B1>#=o:tu\\J\\]8Z\\\#\^\\ GDTy>ڶF\;\nf\*^>O\\]lz\A\]\\\එƆ;\"%l6f{9\x\9l`y0`\\cʴ3&s\\\\s\!Zg\3\%8\nZ\m\s,	\i}r,,\C)#Ji&\X\0(9@~0\;@\F\#B/{zA\2q=\~\5`BױzGXuAe\iw\\2\M\?\Z#\\'>l\{\/\7\\r\\ɇr)ߝtr6D>\N!\s\U\\p\\0Ǡ5p\g\J\\\0j?E;%*\'o\nSD)-@\g媋\r-@*	80bC/^\0=Ǭ\E7U.\'̷}-#=\\\\11\m6\\\\0\=h\h;Y\??}\\^2\0\.k/\ŐB˿\n\1U8˟\\N\j\\n\\\U\"0֩B(|Y.re?J%7\0o8\M\Czۡ\Ms\x˟隇$3\nj\EoleL!E\UφGp[+>WRJ1v\4-$?+\\Z>_;\r7v4@t=SRM-p-|8Q0C_cozUZ\n(\.c\\2To8w(\\"z,\\\[\Knw+&y\\ʆ\\*\\O7 DoZ\\>f\vl;܇uj7\\\\xl\\-\D1Tɇ\|O^]1\\GCg\>+\38\ZlED֐\M(\n7%F\\\PeV#p\8Peǃ\WbB@\0=7y4)ث\^z\P<\iC1\\rra)\86+\CiV|\tGkr\8Z\7\jRw(ua(\&Doi0ó\#{\){\\0\\[\sTTEAvU\\|\_u\r\h\\\\\[fW\\.C_\Z\\qϨ\W\@tSt|QzJi\~k\Lȩ\w@\Q}m~V^v$epA1t]\xa?\.\=θ]ߥB	1צ:h5||\X4~9\S\>\(F\\\\0\\՞PK\\EI\U+l\\\D\`ϊl͗\(YĹ7\%i٨n-\<\o5u\dg\'ssQ\B\B|{\\\\\wa\\\qGq\_s\\OGṱ\\h\p\l{F\\9\ׅDiJ!\\B\\N8\e[\%Էl<M.\'	s=\(<(Q\#\G2I\nnL-79\Ŗi\7`Ш?\0\:~r\0^6\c\\\0\c\G\^\(\ợ\\Hp\>@\\n*W\"6T(%J\"]\\0EP&S\\Uo\:֞ޏu]\\Yx}n\H}kqW5t\0ݑoE\0\֛AD)=B\\&\"+\s&\r\L\g\\\"8{7u\с;\daKs\U\[\pSn\[BEE\@t씫h@˹P.E,-)~\r\r5e	\mN.\0Emקr\+KᾁquV)\0]kȏu\0~\U\"|B]IKD\	8 @#\\n\{dx3L#daQX=!7%R\j\wLm%3PڷAGn\"\"JP\CŖp/\\ˁ\\>}8vD\P/\0y\\\`dぁ\\\I)q}\\5EϿZL\&l\'\Aml\'y\\^DR:ѱ(v\qvPUu+u6j@w!(*7ڇzU0\Urb\p\\G؀\0-#@\\\>\Zл}\:]\(\\ɯָJ\"DR:(zh}\FϬ\\r\c@O\}9\EP(\\L4h(g\M\\n\AC1I	<5am@O+E\r])[\;\0GmԺa(\r\V\"\)\\KJ=ѹ8qP=\'̰d\r!\@q\\g\12\\n\niDnh\gD`@\:w\eS~wA\>_.+%m\\#Amj@(l(e/)Q\\Dw7{\\\	]\\հ\\Ur9唢\\ErS@ď90\\\R\n!\ߒ\\ϓˆh\ʥD\~\\n\8\3u2FJ&;EFh?\Z_S߃Mgѿ\e<\\bRA\#;][r>(jDL\%h\\QF\\\aZ?\\\k\N]\/r+\%%2G	\p\\@\z@75Oe@\\͗[Lё+সl8p_ql\"qɧ\myǡ\ܔXBj\0Un1N\0Ǡ#p[\G0q\C=}/lA8<&\\{I\\o_N?8\\GC^\6s(\\ҴX\0z\'&Xv5pXM4]\40\ǠAW\-\f1xk\}@nHt۩롞5(\R.\\\\m?S\\\0\]\"FM\[\Zx(+d\E>D\?\q\"΁?5Zn,8	ǐM\\nյMU8Z\'C`QV\c/)!:p\V\rS`B\\\0\a ,D\L|0\\'ȅh\&W*A˙,Č\\\;p6\Gt탭\f\Z\DJR\ȠcӀa\C}\>	g\\\fbC@W\V\;Zޥr9.t[\ng\J@ 7\]\  N\c/)QleWC>г+\ָӳFLcB(Н\@\\8as\\n[\N˿\n!/@+\\nס\r\@ʄR5Pz\T<=/\Y@)L\d)\rp4CtF1TɅs\\\n\\-	;l܋\\^J`(W(\rF\c/)):\0_(@灲͇n5\n\w{\}MBiB?D6\s\n\\/\9\	h\䖤в\'1藮\R_d\9\H\\D5\\{\"\_F\}/ۯ.{\l?\\\um0e\e[N\\Z\Z5eh\nβ\\\(\D\n=D\\\m\\\ `\)tH\`}	\0{\\V깟i\\r\\"N\\8\-|҈\C)\2,\E\\0Jn<ӤERhp6\-iE\\@Dd\C0\n\}\\\Z\@\k|Cܩ);O,%\9\%΁?diDsEO\rl\[\{Z,DD3H\\\D2D\ɛ\W\\\\j\rnh	\)U}H\8\Z\L\\8[ݍ !ڷVJ\\Y\"b\PʹDA4o\0\h\rl#z7\'7?%\\0Z\3r1\8ʟn;On5Lm;Z\'\Ƈ(\\\uOdy\\&7\r\4=@\\D*E@\^\-\y1xŷAхz-2䥜	\\\2)\t\D\\'Z~Y+{	(/W#\E_sܜxJ\"кݽg\VclC\0\n\V!FD˝\\r(\[\2a\\r\%%4Ѻh|D.\w\\H\6z@%LnN]B\\\rt\'\Zc+\n8<-/x\fZס6>c\BDdHOd\ޤDV&\\Np\\r&R\f\Z3z\x@\\ zJl\\z\G@۟g|\9\p\}~܎xg^%\Kw@m.NS\"2ϒTp(\"\[.z?(4m\С@\kiuR\0\\moF\hX8Kc\\n:T1\,Y؆\\^z\\Dd^|1\"\^R\"k-N/H\Б%č.\>}\gI_Jo\0;\0K>GXz\\\38ʟe\ÿ/]\G\Z k\\\Lv\-DDA%\\(\MJdI\i\Ga\e\rt=Pz\ waf|\0j\8\ZԹG>GxB^p5c\Ϡ\~>VL\Ձ`=Fn\@=}\\BD\B){IE\0g\<!7\+\g4Cgzɭ@\\rs\)v\\V\bfǀ@\\Z+7%c\i\`k\"\#PQF^(\{\"\p\0\~-7˻(	ta\\\뇮\͜9X\\Gl\Je}\ԫl\Eek%x}yQdN?{U˛\n[4&Aa\0t8>\nrS\C\\E2B)CtU\.Rh\{\n57\r\\@W0\rä\cg\L!fP\NDrr\_\u@\22mZp6\Kop\DDB)W\Yp\&]\\`\\n\\\\!{SV\\Q\\Msb\(-DDBi\0\"J<]\̔\@y\g\C\\'\(XLOZ,8\0P\&t:4,ŔBi}j\9\г*}ϕL}b\\r%i\(\\ߠ\A+ȍҳ\(]cyZ\'\մ\FQ,ek;¯\17Е\z\817WS\ol@I?(D˯Ϗ\\x#k]\rk\2\l>^=Z	\"tk\q\ѣۙng.z0Z9:::\\Յ\\N8\\vE8p sD---1X_\\\r3\%D{\n?nm\!K@\G<aᴡۑ\r=\=\r\=\Zz\nz@Cwǉmi\P^ƹ\mϿ=\\\\\&\"ZP\Գѭ\\\\G3ݎ)ݎ,t\v(\\\\{ttu;\\\FOp\&Lƒ_9e)\m\7GqC)EG\unh@{=\\\\\'Tv8\\\\)_MZ\\\\u_\&JHnDMM8t09\\N9cM\g\|F.S`(DB(\\{\"H:|/\nH%Gk,\"\"(R\"JY}\h&7\VDDdYD:;;\2p\|Y\"JOD|!\\&\jRC)MMr$ܫR	C)vD>E\1c\2e1QJ\\ϗK\\)SQJa(%Կ_?D\9M?\sR\"J1D*GB.g,{A*\rì/~N,7Y\DD)\\\qF.$͆ܜ\\\\"\'\'9\\\\\Fvv6t]G]]!E(PU\\\\WR\É!щ\\nGtb(%\p8\֭8\\ 7%L^^rss\ld\\ ;;\YYeefPm6(P\0|zzu]^YWg\'\eJc\P01Q{zo\><t(Ì\\\\"//y\\\u\\ld\l\l@P\o\@0+9\\\aohFa(Db(uc(%hi?ǏG\\\EUѿ\\n_PdgeAUU@\h1fRJ$R7R\"ή.wt\\\PyT\\;Ã(JȒRcj	Q0Q\1QZKLDD\\Z:R\"\"B@\\:N\'zzz\\сSN\>\\}ox\\ʫ⭿\>9zMMM\DxQ\"Jk\\\\\1\	\u\\*N\'z\\Ӄ\ntuu\{joo\ᐯִ6m\Z\n\&J1\\\ne(%.}\äiМN8=a\\@OOz|\dWW::;\\сh\{Ie\pY\WR\"7Q\na(Db(uc(%XihlĹs\\\ݍ\\n\l6@￻\=h\\@WWe\K\\\,RC)%CC)EB͑#8w\ܜ>\\\\|F.S`(DB(\B\'\"Jiux\W0J9\",Rֱ\Zl}utvv\ME.YC)$Á\i94VN\'N\\&\"$R\"JI\].\\\\\TU.YC)OOK$)0@.YC)g\\%p\=R\"JI999r|w\y(//\DD\PJD)H.\\!CPu\%r\\J(%U)2^~~>.W\\~9\DZED)KK\r\\\\E1p\@r7b.8|\\8y2.2b|\k0\+_Q\ \"J	<\(\\Vl}uXHN6\r\\\E^^rss\,deg#++Y6l6TU\>\0\G\u\0l\>0HV8\(C)\\N};N<\\rp<o\\\ENNN\@\	\\"by\nr\ь\PJ\P\\PJD\\\\\\c\p\QC\0^GEA^n.\v;rrs\\lز`Sվq\n\*32\0R\"11Q<uvuC.EQ`\ϗ˔\J)JЉ\^{s.)eR\"J{j\no$`(%\DD)\=)e\nR\"\)z]Q\dg\e\OJ2FA~~\,B ?7W.SIW*Q\0Qư*\n\v(B\\\PDQGDŦ(,,l\B /76Mn\"\"Jk\T&\"#UQP\\Xl\\TUv\Rl\+Q,0QFBB=\TU=?ŅPkO-D\\2C)e,\rŅ().Fݎ<\dg\ǣ\!*ra/(d-%Y|^zD\PJD@Y6rsrP\B+.FqQ\\\N}N\)`ݎ\"Ş\-,DA~~}HueR\"TEAvV]>,\\f\fKT\"\"b(%\"}\\{\LDDDDtDD\~Rra_)eR\"\"\"a&\PJDd%SJ̤J,Bg %/\R\<DDD\6Y\ZC)E2C)E0R/vR\a(%\"B\)1YJ(1Y\nI)31Y\093)e(R\"\"`(%fR\TDDHJK)31Y\0{Jɋ2C)03)e*R\"\"K`*%MJ)C1%J|2C)Q1R/R\\\DDI\LJ^̤J\\K\TJ.̤\,J\K@DC\I)Y\"2Q\G>I)Y#e*R\,J9ED{DDJC$cO)e2˄R~8Q\q\@J\2(\s|1RN(eo)e~ޑC\,JuMKDDiI\J\#)e:kR~F}5rɲ\y_9d\)LgP\n\&JCkoD\3Q\L\\kJߜ\v-\\\\&]\"\+-J0RX(\<+t\\h\e\CO\M\\Z=\v\%7%E\"\+|S_DgE>\\oLD\W>IJ9Oj;뱹a\\\\ڍhq\\I\}\u\\Y2(\\\\n\Xg\\JD\W~Q D\r\\'\j\v=1\)+\)v\m[ƞR\"@\U+l\\\D\`\\󫩪\7){\ZZ^5f)/Sv.\A5\\M.%L\МN\ߞ%z\5_P)3\fKD	\E\Zvƒ=\Qʫ\-Ü\\r9{F\(*Q\C\#2\+QU2Y.~ո\ȃ^$\r\'\AA\"ˆR@go)Q\Zxi\cxn\\>=\\Z\M\\__=\y_5RF\b\P\qtqM\t\rWl~q\\y\"\\G6\PJ\b\P\n]\v~DҾ\\Z\\k\s0Z\oJ\U\2Xv(Pkggxf}}a;^mxϟz\\|pe_Sz\Ho?\\zlۂ?~\'\nkJ/\0D=by__m؎ǎ\&\epːy;\\]\l\\\*pS\nli\!xr6`s\ln܎\ֿ\w>\0Z\U3`:\\\\PƯ\\[j\vT\wK6UD	\\pȋ(qj;\q\\p\\\)\0<\5ܰw9\}j;\\温\\½\1e\<!)\G^\pٮE	\A\\eᆽ\R\0n=k\b\\Ũ\J\\Q\U{\\\)\0u\\\s,K\}U\UW`\\>\Yxo\Z|(u\r\3\۾\\ZLٹ h\h\0Sv.HH0]{|#\\\`\'S\ZG>yVnWc\\aòGu\L}w!%\\\V\.\\\=rS@;`\L:	S\]h\'8;\M\+䲥p螨C)<\ݾ\ø|\\"l\7\\'b\}˦=\\\'\\zܰw\\6\\}\X^ˏ5k\i[\Zw`\er\2JzD(eO)Q|7bk\r\\(cbC\kx6v\d\Ƹ\;\Bz#[੓\rܼP\N(#ye)C)Q`o)Ţ\'S\\h\\Q{\\gc:\t\񍆇\SY,z-hq\΃\r\v6\Ih6\O\nRY٫\\\OK1Ǳ\xr\\\N3=\\k\Zj\(KP\n\\-%\M\˥8\b:l/\ܰ=&\\r.\nK;\x[m\g\l[?=_TXc(%B\C\ۭ\\uxk\:\ZTn\XG\\؟\ZޑK!\Z4wL\ru[\iqO\Zg%7%Ģs\Ek\Ek`\b9$ߝ*r\`\b\ɨEC\]\"\\ftwiœp\E<3nu3b\й\z\B\D1KP\\\繉+\襘`\{%\\6\g\h0\\\\C\/c\M\\wΚ\˥\r[Aj۔T<=nVZ_P[\î\\g\wk\"\0\=\9p\TxیNXU\\r\0r[Xc_\QJ$IP\n\!|*Me{ chb>l\\"\M\\Uc=-<\\\"a~\nVZbz9Rӊ\'<\QENX(\\~]W9U\^H\-%k^*)\rޖl\K.Kt:o\(\Iz\,sJR@a\ʶ4\x2*,\\܆\G	\\v[&(\j\S0T\uR)Q@)J@\\[J\Y`n\Pr\`\i΀CDl(\5Dn_k\\\6l\\\\r%\6D/h<;Dz\I\	\\04\)(\r\	@ |\\\zܰw9\;D\ӆS\\Sj~\lރ\G\\e>\\t\\\lj.\o1t\nt\DcO)Q`)J]sK\]JnB\ l\\"o\甝\\.\\w\YG˥֝x3w/Ʒ>\G\`\\\X}\\bޞe~\8\Mjto}߿Y+\[b\\Ø\Z\@JTJRp%>QZ\\6T[kf,(~\@[RR\z\N\\#rsJV<I.廍\Jx3=\\o\\M\+P,S&\|R\"\JP\\RSd+0P\"1\}ԪhM/,2V,\">Ll\1\>\polp>)Qp)J<].\\|W.ED\uS\}Og\n{++*VVM.%`O)QiJy\'S[Uc\\\Z1?&p e\<2\JST\\%\/\Z:U&\(Qh\J\[J[+bw8\9\\\\]/\\c3Rz9o2Ε\[4t.V\}P\\+(.\\\\\[Jv\ZQ.vk\|R.GD\]\_Pǭ;Q?L.2lZ.Gd\%X6b\\6mو\|R\\'r%>Qں\\\ux{%8屘»G\9\EkL\r\\x}̦XEU$\x}L\r_h9g7.Zeã1@JVZR\:\\{%2u8\1CC\\Z\M\\L]\v_PmS\\\\!ԃQ7ckҏ,/9exf\\n\x=\\\B>x\MV\Z\Z\U\4i5MY\	\%%\nO\U+l\\\D\`\ʓ\SU+2@\r\:{b{G\^\`ZmE6{\\m5	xnDV\m\	\hgҫԍD\V	\=G=xR\g@\n\*\'+&3ZmX}l=\ߞGpT*ys+iJ\\|!EK\u\wG\Tcw\\\CFȘ\\DD1\#0/\o\\݋1o\2\GQ\"\\'%2*mC)EODϞ\ن\G֠\Y\jT\Bp\Ȩ4iAW\iӁ<C\N(7IBa %2*C)2|ȍ\p\Z_m.8D;7\\0o\{Z{||Q{R^m؎\~\\\\t\\\O\Ն\\\Ǿ\\ZC\'=\o1t\"`/)iOi \#\Z{|#\;\\6d՘X<,͙r)Kt]\\\IU,\j\P#3\>\n9\Q\\\>\Mf?VA\\}JdTmg=.۵(\@\n\0zoδT\t3#e#b\\\m\Z|li\\uOdNƄR\s\(L^kSP&\#\re\й\4i5\flŲ\QUp\|\"\2\'r5>\\hÔ\r\nػr,\jHe*<=n\fl\\QKPU<I>^R\"2*\\ß<#b\{~!Ȃ4	\0p\E<3n\\ !2\\(j\\JGߖ,\RyU|M>\Z\\0j;\+[t$\f`9\(%2/cV\\Ed^&^m؎.\AWwzk\|<4z߱Xnt9ӱ~\J\\j\;a\5\\\r}5|\\"lZ\Wmg=6\mN\\;Π\7U0w烕qːy\on܁͍\\\\\0_+\nsL\WD.fd5\\x\\&\l\#7a}/\}lf\W݌\~~+\<گ=\\>ur\Y+\4iu\\]x~+^m\\UFf_\]\\>4M\R:\Y\'~\\\uhbn0%\adZkpٮE\\R\0x\ka\r9ۛ>.ǔ\\φ\\b>s,\\\+R\0m븹z\\Yڮ\\9\\\݋qs\0[\{qTuN1v4~]\h\n|_	Hk\qS\nL}w!V]2\\oV,P\e\ Ls\Zz8Z\RP}\߾=\\@x\Ն\|עA./,koĔFrǁq\\r\\`\<\\\=\¨\^67\\w\rcխG0݅8\½\"\0ӂD\0\H\5\;\\M\B\\#\j\TB.s\=Q28旺~LWd˥\߿WYjd5ۛ>05m!\'k7\O\q\OΖ\g\\6m_amٍՉEU\U*#\"\0\\_~c~p;~\03o\\#k\u#\KJ1{)װ\g\\\>Y͗w\%\"\\\&t1׆\M50jg>ì`CFTS\'7\\It03;\о/y\Xw\EZ4_7[AEԽ\dz&\G˥67lǔp\\?{\ɥhq\\\\lޓ\`(E\O\dx\>\b1ot<t\\l3\\\\F(D\`(uӜ\X?M/,\\^_\L<ɳaWޑKULF\gk\x\){\ڠ\Ɖ9\9f$*ct?Xϳ\\Gw,\_\LD&0zq?\E;\󑏟Ũ.O\0vu\q\\\KS\KSÑ/cm\H\SvN\tSC\\0|kr)a\MG\\|\x1C-\6S\Tavd\\%\"2\>e\\\\e{5\S+2@\0?s\\\\w\\\-b\\\{\d0VLƑ/cĕX?q%\Z؆E\z\r\\h\\\q\\Zq\\Z<XXn\5S[+{OF-\Z:\\r>\_$\\\\G\M13/N\y\>\Tٴ\I\#Z=\>̪|]l8\PJ\rR\^XL)|\\c\f,魺\\Xw96Խ\\zL/+<4\1\\l-ZP>\\rEo۫\\\ra\Hc.\\\p+G-J/\-C\a\\\\\EQZ[\lt\9σ^EC\n\Vo@\6e\\!|y^\\!н\i*=_\0r8j\P\Z\`\^\y\\\\r]5<,\\r\qǁ1e\9.\#<k8Ě\?~.\½\ͽ\qþ\+L*xL+h?9eX6b\\N\nr\n\VZbzX;#?`^\{ѣ\qS>\'\1sv\y7\ȌM),8\tAld\\\x\\g\\w͙\\',\;aa;4\0L\0DA\\a-PX[C\~\`/g(f=J\\'7\:OF1E4]Ӡ1f\"[\ZGfUc\ZZ\\\\o\x$&\+c݈Qo%{Qە\\bB\\2C]-I\Db(%Ci\Zi\̋\\u\\\"r[G\K#~<2NS \2:\9ν\)#\=R4nOn\K&\\K\p\6S\=\iz_.\\hK1\\xk\:\!.L]\Z1\)mVjI$S1:\>724{\4`\TZ\\r\sR*\ 17WSs9<l9@\q\ҫ\r\\r}|ߪ\\v\\gۚ`VY\]^\L9{Fވ{\\\\\9t:\O\\)hqᝦ\}s}\Ly{jx\oM]t\\u\͈n[\'_7U04\\AW\\o\]8H^\\7.Z?\1x^\GFx,/\o5tEC\\Z\gtӤ\{J>\pח{Z\\@\\O\60Zv&p(?}mozz\\iok\>\0p\\zFL>;\\Zc(Qd+5\\\\\uhbޚ\Z[6w\\&ow04r\nt\T\zW;`5r7H04Hb\\\\_\T}5\S)\Pji\\|7gm\\\\"@\|77c\\\P\o\|\\"l93\\2OW\n\_\2\\ʗw\\\\i4W\菀o}߿Y+\[b\\\Q&¼=\3ݣ3Xt \N\[\#k0sb>j|\U#\j\\\\\_7qE~x(0F@g0M;f\mn؎\\Gln]x\\g\5\>{ۈ;<\\\r)FzïY\wK\'ߠkoy\ߞW\Y{ڐ\\ۡ	o\\$PUlo\0~[:֝xխG\\0\n?P7#yD\\kc(iz\-3<<\rw\ܰ\\\R\0oD\V:\K.kO$z\/.\\\~\?\\"[A\ېjgeW-Ѧ\N&3\PB=\">\"x݌W\=L\P\Z]\x\4r\ț\RL\\`1C\0Ǫ\'\cnK1j\mr\2b4v\D\~{\E\"ILP\Z%]\\`0M׸t\{Q\"\V*V3\Z?}U.yMW\\9\-\\ѱ\\r\ۖl\*Msːyg%*\!PC9eq	\V\O\LtP\Z\	{Wh\|W.\0ojڀ,wM\m\mH,zEbw̨EC\<ֻ\Ī\w˥浌0Cn2/[+\\\\qINJcF\\\Qi\)Zen\x{%vO\\7T\!\M\\\Q\\|hR<~r9\"\д\2q\cr\0S\~\F,\bڲS\"\\۷)\f/\\\V\eC~6v\\Z4CfCf^7(JcL\<Ӵ\\[S\E\kz\H\6J)\!m\rn뭩\NĂ{چ{\\+\)\\?\%#M\	]\lBqњ\\Gፋ\`\\J\"UO®\G=?g@\\n\\\Mm+eFCF\eѼn\\+]x\Qxqy\a/Mym=#o4\ZJ&\\ő/ª\-\KS\sW\rj\nb[\CAEn\O\\i\^?j<7q%2u]D\|os՘S:=\T3\6e-6MZm\\keWaӤ\\6em\#Y]EN.^+c\{rq\\?Xu3\"\'h{\ct\^fus\\)\/!8FD\aF\J@Q(B\\r<\_Rhv\f\\\Z/\\Fc\\tAi0-\6\J\\q\rU\@~\2\9?\\!P~S\aFJ@\Ni\"t]ө0HbJ\TU+R&\u-\\#\\\\KQUI|%Ǉ\s8\DI%`%CiB\\\O\\\\Qxa/)Q\ݖ/^\\p=Y{I4i\\\;9DI\\z$%\qIk\\EK\p=Y{I\\nt2SӠq,Je/)Q\]g!\Z{M)\\'D	\Pj5\:Ҙipr,D\w%r8ؤ\:\)*|Uu	%\rC\:\5\\\ꉽ\(y\\rNĳsG)UEa/)Q1ݽB\y깲R\\\R$\;0\\ה,C8lO||\"O\)%\\\P=$!(\'J6\\\q!%\u\R\n\=5|b(\]\\.!\*JӅϐ>Cœi>=|Q*PU~\rYߍiƻJ\b\\0JiH4MS\7\\>aԵa҄\\qOd1|G9]w\n\oJf~\hp:\z\\MN)\|Pz\퉬4S\9\ŹȔ9UDdIq8\B2琠)\">R\"kb(\t\\\&D\u\\%2\퉬\Nrso\\p\,\r\E=\\D퉬\P\\3\\t2.Ms\;p-)S	,\]\d@M	\\'4\D\PD)\R2Fw\g@&y\oÿ\0Ƿ\'Jdo@u\}ʀx\'r(Q\\\D*N(T{Q\\7:h \\((.n\"J|RlTM\هgC(QtP\\nR/wH\\+=s/PXPy\&\PJ	C]\\\\Cv6`%-E\\QỖ,@\\Q\rVS%\\7xzNʃ\"JB(ܓ(1\rN+\V\\sOx\<sX}N\p\F\\\<5W\\'\'Q	D)\\\Ja\\	\Tݧ\ \f]A\s=O\\\tL\\\d$nD\\f]A\s\"T\MRC)>MR\DD\H\\\DD\Ep؞(\r0m5rɺ\s(\}ֿp\N\rO܄Nn\\\r3\\lC۳p\{K0w\2قl>Gmjq͙|\\"\\.sZE*\Gya;\߈\7\MfJ-\7Xɧm5Փ`uf-\Y\\\D\y{g6+{HS\\;>kTV\\\w\	\w\	\CE+t\{Kp\{KP,<ur|Q\"L/\\iœڬFEGziɅ\*\},V\n(YJS\5kSdn|A%v]?/NZ-7[P}\=&\+{\<~xi\cr%\}$J\0{@\fl;q\\ZoO\\\=\1%\)\\\f\eK	SEn_--%\#Q2j\ܐH|c\Yyr9\o\-ܡq+䳠\ن;\\0\\Ga۔Y\0u=yb~[6x\V\!\+\p\\G>\\ྯӋ\'\\7H-/ڮz,Y{\r_Nn\[\1x/\3\s\\M\ܰ\;O\\c\9沈\F[\ÜU\\yN\N\}\*\:t\TzkDwg\\\f\G\\\\\cs\\䕕KPS&r۾\\\c뽫	7\rw;@\\y]\)ޗ@\VO\\*\\V2	\\\\\0j;\C\0\0L,{λ1d\\\\\\-\+\\\Z\\Oε~\X<쫘`\#<\@\\~\Zmxg\\\zoĥ.Ľ\݄\"[\S\\rB\s[U%`lC9\Q븵b>\\{%\]\\r\\0\rWld@\a~do\'\x(ZvԢ@\\\\reu3.\Y~d\B o\\&\\\x}\/\\\\c\r\σ+\\>\>\n\0_|iœ3^޷79@e\9\g\mG\mn܁\0`\йX9\uDw\\\\}\G\0x\\&\_\\\'?\\n\\\Ѵ[\;Bz\"LW|\\\0\ω|@D\=\0\\u`\[\k\\0\Nr\0oБ\\0\?\r\{՘\~aI&\v\Y<~5٪1Krz\oQYU\\Sb{Fވ\GuF\Y#+/W\\\DZ2\V\rF;\sϝ\0`t~20h\/e#\\\Z1\nW:n\\0<w\Oz,\\.[\s\\0֝x%\{^*T\!\\7\EYl\\>\\gq,\\Gᎊ\\\~\\\B<\Ufg+f\Zǻ\q\\\=B=~B]>\m}\\\\\\P\{\>\x{%\\W\Mh\;\\\?\?[tvD\\s`\">\\\z;<w\0o\0\\_ \~\\kZ$\2l.\9\(\8\Q7\;j\߯\\\\\\~\܇\0|-\\\{?|?_}\$u%?\.F֍\N\u<se,<\,92\0`Lp\+\߶\\8\\\\CNU\d\ZU\p\\\^mgv]\=#x\>ʁtN\t\4:̔3Pe\\\y\k\oĝ#.Ơ\\\N\\\/^G,##ױ部#\ ׎\ā3\\\mz{J-*X/ߞ\O\\äB}~+\<\L^\\\GCjr|@=Kr/\O|py>byyX\\\F\\0O[\g\\7p\"ߖٿo\4i5|V{\v\c껮\\\b\S*?Ky@=}@\=|ӊ\'aU\>\\sG|^W(޹\^\Bʽmpݯ5\׸{=^m؎.\}v\ە{\v\x\;/_\\㻵b>\Z\\<ۛ>}PH#\\BOi\\d͎V\w\M\9=ur\\\#n̓\'z>\Zu[P:ߡZw\eOU\\\xr1*r۟\gc\9`\b\=_/\\0\'a\P\|Z?D\\|m\>xR\\0\0ˆ/mq\\\\\Y\2\s}y\\\B{=X8\s)?\0\\}dώA\0*\l\W\rQ{z\\\U}\0={\\ZO\kJc\ \r>>~\|_`O&R\0^2VNx\}X<GV\yt\M\9yzm\\\\0\V\\'\zNȳ\e}\0@Z[\|Z\q}Y\$\́C\'x2\K\?xDzd>\ܶ/}N\A/ڿ\Wc5~\:\L\(߿W\\fF$ϵiœ\1*ޯ>#\\k;\r\+OM\TLX\ByަPm\峽\\;\\\	L1\o\\*\A\\P\\r7.Z\]!h}O\\\w9\\"HyzCbh\"#\0%\C\\n\|\\Y[w\EL}w!\ߞ\G\x\N\Z\\3+\0Έp\\kF^/0q+\[+\Z\\\\\^F\\"PBH]߰l\\DP\ZL\nϑU4\٧\7\L(j.ފ\\?\;o\\\/L\(\\YB\$\\gF4\YO,]$u\}\u50Us<]\y\5NCQf.o)Y\\)\)\\\D28\Tb\%&[q\ \8\6e\yl\cA\N5oM]g\\;+\\<[Œ\0\COF\k\\*\A\Pb\T\keWykCk\ylvw:y|\s\{ۡL}B\{\m+\g)ڿs\_U<	ˆ/D݌\Pe4\Er}E>=,b7_-r}<\\\\H׋`\u*}>mvLW=?i\{\m띳({5\!\vC\pi\%ϑU4\\\NKj΀\3\\Q6͍;P,=3w\]Hq(.Nn\m|T\\\\;K6ڮz\Z^-<fo;;?zt9j\.d	H\wg\{\m5~od\ÝW]}\\ba\T2R\/=#6W͙(}s&.\(;<pemg}m\{#.\j;\qߡ\'^b#bY\:\ZJSPZ\K\3g@\ng\ݳwx{\-V\\rsT	I\#kVL)t\խGP,P\\=#\\=`\\\Z\tPH\}\\0\ӣ9\>*\ZH\ts\n>\{\\\\A7\\\0\u>Ѫn=;\݆\\\*˽\KRv4}\v߅W{Wݯ=\/dp\\>\5\\Lٹ\0|\YLٹ\2\{[kP\Ll{\{\?\\\3F\\b-ϑU4En/yOa\gƭG7W$ǭ賥ԋV\\`p\6\=H.h\ܰ$U?\n;;˫\=F;\\e\<ǰڧ\ճ\{\\!\u,\Z:7\\pOގ\m>\ӊ\'\\c\T\PTBU%\;>\r{{W\>7q%\K\0|=G\\b~\Wt˷{ǁ\6pk\|\s^rJ$\\H#\\YCi\n{\\(O=8i5\\p\\\Ux\5A\uٯ]p_\q+^~*l:\&\V\9H\\\n;;$\e߸h\\ykٴ\I\9Ğc}\"\s`F\u`\b#(P)a՘\)Yzxn_6\^\&\|,4\1<7qe\\\)\\͊\s\:\ި\\ k\aF3HͻQ١h.\\\\ny\\\1|D{?\GGr\@\"ڮz8ZQ[X\\\ \\\\{\S\eGwdY\v֣\ъ\\Q/\\0$q\\*בpQR\"\"Jӂ\\L(%J$+R\QJ\R\"\nBUL#\D-\⑈|1Q\)k}x\gq\\\\wyk\K=U1QB	!(\a\aVLƂ\Ȋ\\+\\\rC\"-UdYr(\\9\W\'cL~|n}\Us\\q9\b\9\wdr%vt\'X.\'n\;\"S)Q*\\{\"\"\DC)\W\EJDa(%\"a %\"J(>H\R\"\"\a(%\"y&\"C)Ő\'29DD#D9RJi/\o\\\r(j\j\RX\\&(DRJi\\V\\\s,\@@@\rO܄Nn\J\r\o\\-\=\\;\e\\ܸ\{\\P\niP6l\\\F\J)M(\r\0\ټW7U@M>[ڪ\\\Z\D\\\\:\_׬\[\fC\\;x;\uY/\o\F2@Q}\k}ѿ7}\>ϩ^>[\m8zzBn\"\"7c\"DUU<	u3\\\\0-;0v\\\liky\\Z\\\\\ޒh\\œ=x_[0\\&]	\0N\\pN\rakoD\3\\wy\ss.۵6l/FDf\\n2\/Ej|A%v]?/NZ-7\eҁ\@\Zlע=[kp\\\\\\#\"\H\	Qy\)Q4*r\Yr9H.\E:\-K!8\0e\\wWL\<+yOGfUcz/d\FS!\s\rC\"}\rg\\\Q\U\5k\0\0\X6|!:	\\o\r<3n\y^6sTI\ⲹqw\\\%\)󶅺\\#{\\نG>u\'^־Vvn:\*@<\\6\\Gazd\=\E\\V\'Ol\o\_\|\\\c\s֞\\\\\>\x]\mnYp3xmv \tӊ\'aNin2\\0񚹾lV@\t]\\\\0\\\q+\^,\cF\wYh\\\\\_6\*qS\n\s\\U\0x\C@QT\\\z\\VL\5/\\a.\k\\^η\{߿A0.\f\\\){a;nػ\\?Ny\KzYx\?\_\þ	J<ɳ\{\0\0`ĕ>\zn\1^\w\\\s\^#⫶\;\0\\Ѹ\\\N(\.\>\\X0x6)\w^_^\ц?y\}\cfwlo\'\x(k3\C\_vpύ\\\9σ\0x\\&\\7.Z\\{\\\0,dӊ\'\\Iqn\\\Q딭>\~B=PY\eV.Ǝ=!Xw\r \\&o\6	t?\]?ܯH^3\\\p1\\U~/M\=<\P;3\\0	&I\0kAT$\*\-E=E[U1-\\n\VܬNŊDHD`$& 3cf\\f\ff\<O֞f\=7kv\{P\+֡u΍\\6ٱ-2\ju\r\0;?Pq;\>R,7E8\\r\'v\\\\C<**ǭ\b\\q,>\?6\rf<0t>ja=fuXmhW[-\>Q\ò\VH\hyNf\rweV+m6#*$B(u{c\\3\+ōt\\uX6<{/}W\0S\^\6W>\J\c\w.=\"1Jj\=!\0`ր\y\\۔u|y\8<sE\ܛ+\ww닚v\8t\k˃/\٥\\\~\{Ng~տQ\.\^@#\\\yNo\\\\"~\*]\~ǻ\?T\C{DU-\xp\_0d&&\\\̋PUT\v6>oWw\\g\\@ `}+qU\P5ZUxΤ\\\/[&\=gZ<m\w<Slc8$;\G_p\0J\:\?rmxlU-Ն\fcvh\\By}9:g\\/3f,$\;\\\0^>5\j\`x\C\\Yi1-w\"\wjtJƜ01r8Ywcɮs\Y%V\<Ӱ+uXig\\#\0-\^u\\0\\\\'\6V؉v!!o.\*۴d=2\q\̢\Ӽ=h\tm\\X3\)&\07i\\V	ޭ\c%.)Ɖϣ\KT\Ri\:/-\nĪE\3k\y\v p)[\5Kź\&֍\}\/\%(Ṳ?݈\l\k\P]f딈2\\\k܂{9za=ZS|p_W\<X1zz\lC\:NԴ\ɽn\\By̯.m،{<	\`\S\D\b\\\0Ҩ%A\\\x^;걣#b\9\\s(#\NVJQ\ш1\f\0\\\>\~b{o݄?\M\"F6JbuσDA,4{`גJ\J\0`\˹ʵA_V\4<T5S\_Rm\\\ż\\lXw\;\ZT\Ņsp.k\ϫ<gK\F\v*\zEV\3R\E(Z})߳v\\\Z\\Á^1\/yע<X66U:\\_[8\\\C\q,>?(`2Մ)-v\cG\E4h<\چM\n\A3G.\\cƀɪmJVS\\>y\E\v\3.D34\M\n ZF*\\s=N&H\^+\ZQN\\둄\6#\˸\ºv\\\;Ey\,+7j؋?=&^UiK\\\/+\\\:2\\.HiRN2\\pcW[\\\]\ŵH\\\nuƾ\q\'4\걣P\\\zߋn\\\nv\\\¦6*ܻ\I<\,s\((rA8\K\P`\"\_Z\\'\Qo\3z\\I\S]\{kL\mu+\1v\^X^\G\DMUvf\;-Q\\0+\\Q\\\KfI4v\\*\Z;\0c\[I\aN:8\69\N\\ѽ\\~\^\\c(\rE/`G\%w\\KVB\"AqZ\n\ZA$\$k\ql1#oa_K\\iϭ\\;ꈶH\ذxo\󪐉@мa\)I_\\c(MBv} G[(\0\{dn\ژ*\]%wa\/P\b\tJ7 FڄV}\\nK?\K۱d\\z0a\aǱŢÁMM\u 0y\ʏ)A<\9e!}.\A1f0Z\TDVzf\ǎ:̈c2h2\\Ƒ\B<6l>zoYR7`Jb4Id*>.WHK\\-\\6\\H\\\Í(\ײ\\Yr4\DÄ-rxQ~\ڄV)\YfŽMb1Y)\Z\\:\\:6?X6}@\+Ynt{\bͨ%X3jjn\>B=\\>9\NDλqϿ+@8\r]\%EL\QU51zV\\Zv#6*\K\\\B\U\ȡP\\l\g\R0&	\\Tk~Դת&3\KyvטG\UmԟnG`yV\Vh\?\UO}Fcw\d!=M8\k\ӧT\$U!o\$\m;gpGK^\{>ZB\/v[,\p88r)hY)9\\\\jdCS),E$\\TindfV͖mazx3qvo\qܻ\Ì[\\hx.`S=v\{мS\\(/\\03=\v\\^\kE\6e\\lt7+\R0&\R-w\^k\޵PʳK\\ꐷu\5nۺn\&sk-ۣEY7\0`f\yP\*\l\i\X\\#\\\\"w*Fڄ}\3}vVYUG֫z\l[K5jԯ3K\\Y;\nÈ\\-\X~Îcnu\}\3\\Zy\G=S\4zR\\Zy\UU0\ (Yv`5\Bܻ\I,;`|\\A7\^}6f~+]m\\TeV#\݉\V/Z\UWZW[-Xmz.`S=v\Zl\9\\9V5yю6*lA\}#tU=\\\loM[-rޝ\rulI\\	\`\m\\\c\\e\\\Eí>q\\\\\n\ح0{\hԹU17Z\\aMF\r\|\VO;FT\'FA\u3k4T\=cfm4{]\8OF\\ZUy\z\f\$bTǜqT\\"\\\Z`\\׷B\0\%f\a\\\z\C\.\B\d1\1km\\nE\\ \g\^\V5\p|\n\k%[\\߾dẢZI^(Z9drv)֗THap\xhQ\\"0ި\o_\"( MV_p7\\\/_\Z/GjQZ\j;\a8kV[>HI-E\f\K\fT\WG\AK_\oY\\kN)\)\{c\zJ72wЍg<0tfJ\o/zMWH8Q/Zb\\\Pϩ(Զ\\pvK\\\r\rF-\|n\}#KDߛc\Ƙ\m\bOi?݈\\6\ȋĔPz\\\\HE<\.1\n;\\Z\\\.vC%\jD<\ql\\ܥ-m\#/hBU\n\0$i9\jEV;\SJv\TuH=bϴ<\7;ڸ+0\\\F\~\O\M\"2\	\҅Q(%RJP\O&\"\\\b %\O\'\"T\p\r\\H[502.D\JR\\D\%%$R\"\t:\r#>\\r\\c\a/E+\\"\"J)垜\De\sݨv,Q\Qp8\\\Q\"JNDD)\e%d\PJD\wg\D\)FD\\RC)Q\qf\s\'\"JDD\D;/\Q\\ZQ\'3r= R\"\\LD	GD2(\\V+%T8C)Qj\\sn)\zڱ\\z:Ud\rMXy\U<)\m9\Nĕ\g\B*ك\V5\i\_t#n߽Ӫ`w[?\ZNº\-\C\F}G]GkW&y8i\ȾgȾg\Mq\mK%h\$\\Nնd\n\@0\#2v\n\\\\	ha\\nl:VqY%X_RCf\0\\[\+q2b|\ږ,R\\D)*37~3b^+@iV	헯\\Rxg&\n\Hw!v[\^ \\\ܜR\\#JQ3\Ǹ5w,{.^,Z\ޅr/R${\bF޵bqRIc\9\E_~&nbqZi\s\㏍o\e\JPSΟz\ӎ>	-;\0P\.@Y\hx\\\-\ӍXX\2\]gbՑxq\\ǸLϝl}7)&\*AV\0pk\$k\i\-\`\i(\]k\ٗ/-R\iVVϡҺ\-$NCiV\\ک\\p^H)}h\\\UG(m\\\Jj\kqGw\0&g\ŢEu1\W2.S7\j\\C\\/6\esoČ\\.\\ObcS%\0\w{vѪ\hL\?sݨzl(\\rmЩgk1w\M\.Ĳ\W\0kF-S\ш\{\Z\00\\ax\YXy\Ub\S=\Lkg;<\"\?1jW\^/ƿ\"H\\z:\,\3\Zso2y?\|<W\5IͨJZ\i~\j^\9PL\'?ǯ\>\\hv6\'D(\\pg\\7u+\\\b헯A~\\נ\5b\\¹A_\/\\"w\0ȡI4.T\W\E\̎qq\\\TnÄ\&\\0o_\4d@8[r\0\cU#Jg%\s\k#rLz\+Z=JfZy\\q\FmC\Hw\kJ\"ifv?\n\\\'_\7~fu\0{c7\r\Z\"z\r\Y:|>*YϮZ\\}6\0<Ǖ\i-\Ʋ\V\*K\\\rTZĶ:w\s\ɿ\r*\\Sr[q\5\h9f964U\{,7˴\*1{=~\;:\@\20Teduw\\\iN\/Cf\\){-`o\k51L\.Ei\Ʀ*lk\G+X0=\+V\rn\\\ͪ\8=!,k*\\(P}i+i=b\s(4q\\\\\.ާ\s$H^\\h_񹭞h\\\(\\qAcP۠\\`\L,\$&\Q#◻\\@Ҕ\\\'\\Y\\\\\\Y\;ƭ͈\6\P21Ĕ甡ҍxB	3zm3Tzu$\RI3Ll߯\\,\)S>4jg\Zg(\7c\jD<\h鄡4@\n\׫zL* 2( \A\\jƴ\Őp\E\C\y^(Zti_l\'4\_u[p\^Ot\\̪#\h\J\0oF,\Z\\0\0y[eE\3\Xhֹ\\	}a\\\\(\\qAc;\\01b\/\K\/b\0՛؊݅_]\\۰\y\\cG\`S=b}F\\\	\\#\Ճ\'nΣnX_\\t\6\rV؉A^e\+v\\cE~\;V\,ke:IP\(\\҂\&\\\\\\P(\\Z\0\\\¹X\\8W\ˊ53bAЗ*\0gbq\\\O}jH4N_\q\c\\\\87\\\Z\c\\盎Ut \s\+ϵDԻ,\}a\\\q6>\\4\vXȴ\+\0`JN׾\n_G\wF޵K\\;\\QAA\\Z\ژ\A\}\6<y\E\v֯l(\\\\"R\0(\3\Zsz\rK\|=`j@kg-Z\7\9\kIѕҭ\\+d<\\0޸\iDy\POW-ڡ\h/\\\rmV(QDd͈ި	,\/(ř3]\󲭥\Z`\0\x\ҢÆ\&E·c$\\ 1z.mFS.1\ZmS֑\ƮZ͟=\ǽ\c\z\hlGR\gf2\l4\<n\0x9\i\H\nZF\Phun\\vt}D\dtbZRt%l(8Δ\8\\fIJz=ezh\v\$[qu`!ePlӣ,\6)L\.\썄c6{m\"y_ \n\	^\Hˎ6\c\^\v8p\\A\+e\JWn2o\>mv\#6(\$!#f\R$\g\(E(5z\\7X<\~-)>J\\.WZ\\\U\5$K;y\˷\\S\Z%\1IcJ6Қ\?|	ǋ]mH$B\|-_҄R.\V8U\\rU(\Z\Dvj\X\ۗ#^n7\"\\R-TT\аx\\&ǭ\\&\\JF\o\\08\pK\\PXVa\>o\Gyiӌ]mHXiĬ\'N2p\O4\J\\'U\~-)*J\\o|Xcp/r\X@\-\\V隔Q{\n+۩\a)\'BYfŽM.kQNbZ׸v9(\')E\\|\:Fr\\\rJ\ꂞCI\	j\\4iCaj?\6t\կ#+Í\B\zJv\r6\	e&q<\u\y|`P\\SꉴDUz-)2J\P\'2\\GwW:^b\\\qJ\=+[t4fǂ\М\]1h\ӧT\$U!o\$\m;\\\ޅr/نc^jOd\}a\\u\`SD\}*hL^_mө㸾1h9#\tM4wϓ\\W\1\m\rM\yw\"rޝo\)mH(\ \5HT\шG=#F{<.x\\*;^\\rM Ql$gHKH%\d\Ry\ǶjL^Ǫ\^u+T_K\nm*\.{v\!o\$kܢ\w\]~/2\\ZK\DBZl\\z:^\l\'\0`&*\YqpR֯uWY\n)K\)fN`\:y}\\"w\Fᵱ\}o\Î\1\Mm\nÈz\\\\kק\m3\jy1f\y{䔩&ǄS;qRc\WU\\\Q\ώ\z\"lCM[-rޝ\r\6<U:#ü\[\V\RX׆]E\fU\O\\=Ob\\;BQt%\\HƻBM^<>M@7,\+.Ba\+XP#/av\8:d4gV?Ρ\\[P_\J^)}\k\u4&m3\ߨ\r\2 \Q\b\\z\0~\c\\\߈\Z4oi\\͘\km]:ʬ\r\Ytވm}C?Cŧ\\3z\6%\\\vЫro\{\Z\[9Z\7v\\Z\\O\de<\G<*f\VRŅs5\'Sܒ{\r޾d\k%xh澓KB7D*\\\/_\ZcG:FQ\0/-F\prv\94\\tf66F\d\}o$\Î\Ѩmf\ڀ\7\J\nP!\$7\,\\\ܽ\]F-	\Q\AKKuhM\(\)\{c\nV\\6\c\9\\1\Ҩ%\\1\#jGV\uX:|~P MVF\\ͪp_K鶫\)RT\z\\0$G\iٚ^nd\X?݈\\6\ȳ4\&Tx\"mS$G;^\H\fG$R]nyh#ިٟh\l\\yN\\Qkg<\\\ኄmD®sd\\\'gV;\eĮsP_\Z^\"HҔ\_S\"\\i1\nD*Bi\]\\\n\\~Ke(Fp\$QKP*r:I3攈,FŵF\\\'\*(]](8[\ݡ(1d(^x^x<t*:=x:U\\\\\	ǣ~\\\N\x<zv\r\PI4[\"\PFzzJ-r:\P^/|^gSy]\UJUiJ%\RR.S\\\˕1\\۩:Z3=p.ε|1\nuNE\"3\uFk^O׳\@\\\0BLWo\u4\u4\5wHTty\(I)ƋWݠT\)~J=rg\.QIm+f夈ǋ_T@\\\$\c(\\Pu\qD	FD\L+2\0tMb\)Q\\I\\cP*.\3\T\O(>x>5iP/C(Q\`(rI)EA`\S,C(Q\c(\\`\)]\ڢ]\\\\PyY&\"J{Q\\SpmQ\$3eeo(\a(e\)*%UG֣V,\"G\8Qy\\s\z3\D\\n\c@Hzڱ\\z:U#X&GkW¡=\q@kg;rޝ+\\;\7G$Zuz<^tv(g\Q(J\\>ʠ&Դ\Ƹ\/\;\Zh\J<Z\\Z\R\^\w/\aw[\\\\'>\m?8{\\Z6\:S-RѪ_l]ub\'|>/,\"0&\\(sGw\\\F\\I8F\5\մ\\\\ƦcU(r\Exg\Jdz\r4sޕ\~\Z\\bߥ}FE\κ\K\%\*Q=(fH@\S\ZL^ =e-\.7\!Q\\y\rtbǸ\E\\1\\\n\d%\\#Zܻ\/_ߌX\J*\],c(Mp\\&ga\\\\\Ƚ8\Z\\zqUܻО0\\I4\\#3mN\>O^GToR~\\ܚ;I,&\"\ncY\g\X\\\\\Ʉ\\/ENK\\A#w\O\i\s\㏍o\e\^9w!*g+t#֮\0=R\Ī#\r\ٞpK\X\\2︬\\+\rÃCo\\Cb\Phsiј1`a\\V^\_l\\s\0cdL\)S=\H}G#~\i\0s\fi\=};\&t&<y\Ec݅\b<x\\\ޠ\\5h\o-s]mXQ\'k\\Zl~\z\k\zYyk\oG\rFǦ\\\Rܚ;\:;\WM{\0\?~W#ǌ4E\0>|\@>MԴ\m\\\i$n?Liq\\\TƦw\\\;k돕=p*/2k\0}Ɋ`\p\pW}xj\0\`$*\3Zr\sŲ2\_\jq\\@`Q\ò\V\ɿ\r/˖Xm?\0,>sݨ*\\0*\\m\s%?\4V25\\+_|?\uXx~\\6@|+\׎h\p.Z\_ԑ\SөX\Qu锗O͈_\Jp.Ε])\Z\t\qv?H\'g\(\'<5\	^b;\ݍ#g\5IIyI5m(vb\X:|>\ꩫ:\F?\0Tة\n\\ち]w*~hճR\9er{\hN1\\Ⱦg۷Rv\\.\?@|?\\D]}\\\\Db\\\@UK\to:V4$(\Ķꞯ@ %J%\)M>Oܟ\\އu[p\^D[r1 \\0/-\nX\حS7/w㹠\\#֣|\"w^/e`\p:q\\$ѳ\uN\c剝Af݄?˗oY2Eث\hĘm3@\\\>/o\#\0\|\e\rM\\'u#\#nF\\/\3\Z~OPzz3źC=\bݫ\\\Sbo(\0`\Sde\\\X\w\-=\.\\!q}IJ!t#\~\␠p\\bO)\!!zJ;{\{9S/$%\Zy\T\$ԛ8utC\Z\V\_:\00g`\\wT,.%\0\0\^HV\\K3\Z\4K\eŚ\vb\|\\\	z\\ȻVu	C݃$#\0(\3\Zs.o\c\v\\{\ʽ3LVm\=z=%kkwZǓ^TmWu\!s\\GU~xhQP \۵D\Gن)\0ܚ;I54@\-ԋ\\\9n0\\\~\8_DVu\Xt;ޝ\=x\r\u-דzAuw[]\Z\\a/-R})\'Mv0ڦ4.DQx.PL\U\\\mhR\9iîڠ=\\8Rp\2\=L2|)\̼wϓxx3\;wЍO8&Hn\\\n\WrHAuHJ֜ePϹ]Q\Qj\VLWo\u4\\n\\F[zm\\荚\4\e\V\\\4XXBZ\I8\}B\\\	\g1\<{cJI\Au\\V	f\~\*\\\zSdeE\4\p\p\\toL6h<(\0\\}\2tb\" )M\)S\=W*\lw\'\\Ϡ2;6\07QHH\JV\Ѡ<\>O^W\ʰ\J;\~^֏\O\{<W\@`\f\"o\$,[jyR\2y%#R2dT`au\:T`I݆,YȾBa\s\:\\\d$\J\\0H6\}^N7\3\6c-\(|1f\=N܍/Y\n\i\p0\S\~V\W\fB&U\\zaU\nE1\Z\f\s!	g毖P\<\\\t\\p9p:Tｱ\[Q^\Hw!6MW7\,}N0Ǩ\Z\;\'\^XϢ{E\d\}+\e\\KVXQ{.Ē\0a֗T͢\\\g\|Ekexb(%\3ÿ4X\֠\\0\A*nɽF:\d \F4\\V\R?\K.[NS?x\.\\\0TK\\5S|PV#݅?vT[.ޑ^8_\\\hQD\o*\vsiE,(ې\Fq\B\\c.\*3\0a|]\\\\(J)f\\\ԡUq:CQ\\]c\\[9tc\2,\\\\\\tp]	\\\8\$z;>Zr\\=O3x\\F<k\\)9\\\\o\rM\yw\"rޝo\n\-E\\\^ǭj=&X\\\9p^\ꈕPǋ\ZQN{$p$Ѫ#\\OܬA\߭0(\ORml<Vu&\P\l\5qk\]^U_8%\\"\'RJr\CB\\Z\\uIGGV\Z?\\9]=Ec?\cϰ\ge\\5\mȐ\\\\r\\w:p:x\D1\f`ف\r\\5:iE\o\yx3zV4є2U\'v\cCS\C/\#\ʥn\xn\]hy!p\	R\Vw\'bm\f\::+X\}aTR]*Or\\R\X\ӷn\ZsI\D\٥^ر\\\_o\5[vRA\\VY\nyK\)Vi\ZJ=E\\RZ\\\(6}\:qC,\d+Y\`\q\q\X\97\\90)\z.\CFui\rRb\\0xiԒ\[=^\\\\r\f\Z\\\y\Z\\y\cW11pkWqw\Z\\\\\)\Zt<\8rP\[<_~+\\\0cwY\\".3k\\Sq\Q\\p\\\5\:\o\)%\nxs\rբ\bw!^\Z$(D®\\\p\օ@4\n_ҾZu\s\\\\]6/Zb\VHyN\6;\'1f\\(R\ez:vyۊJnɽo_B3\B\\"\P\dtlK\rmI\xh\bD/uo.Q`O)Ftap<[\'h󹤺2\!_n\lg\\\pۨ1s8\7~K:z\\;r%3\\نyKES\V\\\ydCl=DBiw$PJQ\\L\q&\+%\nR\"8ƌzd\}2C)QH댲gB\TJ)(|\0<6-zO鉑RUbR~.Q\\\\t|\\\\\\遏a\"\0Q*IP\\N\j\"\nGfFo\t#\1j\F\\\7{\x<x\&\"\5al\^RJa	J%@C(pE#)~ţ;=xNDI\\\$&2R\nK\P\Z\\\\x\"J`c\)\I)%v(H\M=ODE\Z7\ILyO,9Bi\\D8<7JDd\n~]\M=@D /\!1R*K\P\Z\^S\"yV=/\S\\0RjK\P\n \\v\jEkg)eIx↙R\\\\0DQV\ш\w܏\\g\\rćϧǪ\\z:^ܔPI)եF(\kJQQ\ш]m\\V+nJ;\mN\7$i\QǓ\WYun߽\\iG\\IާćS\5n+h\JqS\j\k\[\\\ǓRKP\Z^S\O=+\ƕ\g}0]y\\\9e\1n-\QT\M5Gk\kh\J0.Ua\31j*\0`z\\. *[vʁ%?\J)ե^(\kJ|_/߃\ Q\'2\h\\\R3f%^+\nL\.\\\R/@iV RJu)\ZJE\kJdT<</-_U\ŢEI${XRJ}~q\\!s]\b{9p9K,\h\O=MrYi\\\p\0f)9e\s\fa\WM\#kF-\\0]mXy\\flk1w\M\.Ĳ\^Iq_\	/(\3\Z3Lƌ<KZm(\)SdCS%\~Iu.\ڠ\\َ\',\]}/ƃ܎̌ު\\且\\\q\㟛\86=W\\&\\?\\u\hM{-;l|K.%\Z\8\rŽQqp<C\UR\u4\ch\jZ=\x\Pٲ\\\0\0E\eƏ|\\EϺ\-\x\n\0p\i\]\ۦu\\f\t#֮\0\0tb\Xud=^n܂\:\3{\TLϝ\ޅ}\"l\nOÄ-=h\a\V\KcU߾d{\\p\r\D\	k\~Ǆ\	.gjwS\v\\\\\b\\\\\\JaM\np\9e`gTHt|TX޿\wTە\U\IaLT\g4\\\,6m\敇^\#Q=F\">vف\X\j\cD\s\'z\9\rM\\'\Ͳ\bI\b1\0`a\\n<5Xp.NT\Z:\0`\k\]\l+m8U\5WJ5\#9%\Zψ\\R<tB\'g|쓅eXxCfbW[\3:m\\t\\\.\"ҀXRdhؤꁛ#{/\s1FBQU*1)\**RI3Ll߯\#6_剝a\:nv¤\?\\\,\sp<GR\9e(\{1\0`×\f\T\$zTbt\9epמ<p$bz\\0Bh\:)ܸE\V\1N\.Ei\\Ʀ*lkL\'\+_\\0O\=\@&m2\P*>O8\O#\\P\rEQ\P\ZP\Z<\\\Oʡ潱\\ATIJ}F\\\Q=V|\Kh^&{\B:<\&YU\7\,GY\\\;\Z1f\ >yysa\.s%]\Z\P\qV\z!+$\"w\ӵ|BP4bZE\ĞDq;ڠ\:H~3bn͝$>y[e\lS\02\\5n}{+\0)Ӹ,-;\\\Ez\i+lb!u\"}!\\G-\r\nS\唖H`JN\i\\0\h\\\\|\Ǫ풃\r\\\\\t|\ѪE{уA\\{\JZ\P\/\3Z>\[\]0x&\\0\muhtݝ\\]/.f|pX,S\BѢ@\n\0K\aq\\\,.4y̎6\\4X\SڮGy$ҘS\0\\ZZ0/(\T\\O7.\q\q\h\\\\T{H)=u(b	.Ev(\3Zs\"8R\hH\Z{e\P>\/_{\\A}Gח\\A7\?PK0`u[^W\}vX\;\"\?2	\#a^qY.gmS֡\0 \\w?MQ\r\\\Z=efƶTB=\0l<\5EY2zVG\n\0.D3(¦gG[,\=\0\\'HHs-F)BҔ2U/\sb̶\yw\"\*u2;>e\ԛdvP\\ӽ+YoԓjD\nfz\\L6աv\qfAW-\٥\\\Q\Oj?ٱ\\\rmǒR`(Ǚr>E/\h{l\|7yU8E ް\~\4n&O\Clf\<v:({\)m\C\:Xb(tP*\\|&Ҟ\)\ZFذh\1f9ڵ\\Ʀʰ㓘F\\?*)gV\њd#V\rVzf\\t[K<RP. 0\\O$Qr\f\53\-\}+3\?\J)M0j/\3=\Z\\5T!ʁtW[#)\3\Z\\0MW#\P\0<\5t|`y&y<\"sK\5򿕽~\"\dpMPI?JvAYGA8[ukBOYV׊V(\'1k܂VOlSfŽM.\\\ݷ&sp\rR]>xx<}zL0RN.\w4-	e\'?{Wn+\\\\"\\\'\qIT\ѨZbғ\\Q\5A3#;VY/KT\MmP\HݳmӍEBŽ\\\\r\*U\\50xM?)\6\\cU\\:	y[\'a\\F\>u\*\`lNJM|^҂\:ak\WЫF+䔩&0\6\{-X-\ZMʥn\q?64U\mXy\U9P(2<Z\;k6\u?\=0t\$Pǃ\\*4T\˭\D\5rf\5L\>\RyӶjL^Ǫ\:֭Pbo\ ձy[\'a]\Uu,2\\Z\+N^\]\3l\yYud*(.-\\:\_m8w\^V\]p<)^<?48]N8VZ;\Q[bq\\\Wt\r\]\ɿO5XZ\蹔\$\YJ>Lϗt縤\y<^15Eύ\Rd\\cgF\[T\\%f\\qPz\1J}^oA}6i\k;Ycz\\u\\n\0\^dxT3\\n\O*ee<U䒙\;ƭUěck._\.\Khxl\|4j\D27@j՛c\Ƙ\r}~\'_+\\\\\\]Y\nqzu 0f\KVh\ᅢE&gb}Izdz\_\¬{\\dv^2:\qG\V\y0;\'ZH)42\\.($h\l\\yi(\\en_`2\ڣ\Rm\\4ŪjL^vmh\7\n{\%Vm\n,sb(zJJ\\\\\_D1\z#]/ҥ\\"wF.\\kQ\Z\\N\'N^Ф\HP\w{ظlQٱ\S\"\\V?6i3DZ\\A醡4\"ex{R\sx*\]	[\0a<3ܥ(1Ra(\r\\\\rM@ZQ^JV^6\)1R\Zb(\\\\(^\'ea\\ny?[^bH\\\0ĉNv\lI\"[h?\6Bim\0\rQSlJ\\bRQ}#\'O\\R\u4\\\I\@Ji4\Zk(2\Qct\P\Z5\\2(\d\D)Rb(*.Ed|&R\"RJ[1%?Rc=Q\8\Cip\(`%y\Ci\c\\?H\\\\2/cKF\ODvp:\UJ鋡4d1QF\\)\1\\r).Dt\P\ZW>Hq<);\)>R\"\S\c(MH\\=Cia0\\@Jd\r\\'b(M0:H,r.ND`(MDHc %c(MHHB\D~	)Qx\H\P\L)y0\ۊ\J)%>)QXx鞨CiR`0\\\\\\KDJI\\$Qx\H4!@,\'=\\+EtO\Pl|>x(|>D\\DAJ\\\L>(	.{p(Ci3b\\e %\_\"+\\cJ+\\\\QJ4\^\\ZDp:\K)\\˰@Qĥ\\\xR\")\\5L)J^/~\"	\&%\\P28\ǥ\\^R\"}KE\6)!\Tå\&\Dd/c(MA]\\YD\|>.E\xO{\"=9\\z\B\^v\"9\KJd%)\\˰D9_\ŵI`(My̥d\\rbQpmR\"kJӂ/g\>/ǑE\,\oJ\RQ\\\\\	ND\1ޝ{\yٞ(\ZumI3^H\p)Q\ND!a(M;>\:\0yeD\oL:\Ҵ\\Rqp(P1)/Mo\rRha %\nCi\Z\\\x8(tO֤5/M7\Qq|0;/MGJtOR\\4qD\\\2PDac(%\KSǑ\ǒ=񥩊\HbDa(._r8(v8(2\񥩅\Hb\e\"\\ \n\˽\\}\bDc(%M_\|>||\rbD\oi\0\$+QA;\%%C)\x?=Q,\.M\"C\qK.lO[N\R\6d\\K	_+Xb/)\D|xٞ(\KJd/R=p\bDv\oY\\	\rQl\~d/\\'&\bD\\*\n	{\\\\\ׄ(\KJ\Z^ӄ\\Z{IY2\^,?\ )EC)D/^\{b\'*vQxx?lOsD\\\0\n\˞x\e{8p8\t\=Q41Rx?ּ^^\'{Ie\/CR\p\Q\98\KJu1o\r^\'%%\r\rx\h/\@JkD1\PJ\-H(KJCm#\pctx=Q<p|\b(%\stp\-8\BD1\\8/3\\>Jb\\\\#Q9m\up\/\X\W:\u)I9]..2mχ\ƁS_\\\f;ۂ\-\\ꉾ\wN&\\\twqv|ox}?\y1{\4v$JS2\\.(\\\5lc\\C)ُ\a[w\ͣǛ_;	\rpɹ\}/\\r\U\\1\{2\\aJvXL\\.g\S\IP\\d?B\t\4JnA\?Y\n\0\yu7*>_o\s\ϱmb;_\"P>Q0RTprumz\?\տ/N7C\\}\\c>f\uR\"kp*Q\0RpA}3m{\/0듅h:sB\w\ʏ\\\\Zqi\PD\PJQ\\GS\[\&[ŗg\D$\PDq\\@*-\rVy\c\Z R\DDq\;7\)Z\C\Qv(Nx{\PJQǱ~\g[0}\Op\\W\?(]D}>i\[z\w\\(>;uX\2.YCd#%J\\<b#\\v=G\\׳F\;y\8[?\\\u\~\d\\Vl<V\r\*]\\0%{XLG\4\\\\0{J\\\b{\R\",\PJ1\t:ӲW\xg+FW݊q\\k7i\Ooag\\\R\}cX\0x|ؽcb-x\&.J\/!Pܤ\{\uˁ~5\Gx\\U)\0dz\\6^+%reH\'7%R[P4kb_!n˝g5l.>Bq)98(bʗfk؄c\\4?V\t\\bqHe\_\\\C\MD@JI1\KWzE,\\\)\b1=QBc(K\':B\\CbqÅ_X\%{=}_\\Z%7^\'Jh\8H\\O\E\eB\9}\\=:.\\0{(1%6R\\\b.iϜ	b-.9k<kXLxٞ(z~w\8q!~?ݝ\Ŕ\R\Dl܂\U~5\\\)n\\'>ƞ\\\ 7\{\r\\f\1\\\2VG\4\!l8V\>Ny;p\׉\d$\\i[O|\\ftt\u\ہ\5\pl3\bm>nۋ\'v\\=u>f\4cM\_\b 0\zL+J\qg^\\\8z\S\\\t\}ԴՊűT\\)~Rn*7\\\7K,V\Y!\\\=&[hdŖU\ÿ\\\w\k\Io}h\(o0\3\X۸/7nt\ynƷ_{\\\p\b\\8[?ؔ\9ɝNz;/5\7-\f-L\@~^\M<r2\EGj\ܼ\rmSz\\Ȯ\C=\=\n&\arv(\$\\W|G?_\UƜ{!6^Xl׭.^RAFiJN\'론`8i\\ï\\C7Y2% \ѷqϧOʔ\'a-\u}AǧT}ź{\ہu[tϝ=bQKQ	oagηY(jى\[n\ѼA7c\a\zݶG$ǂ^x\\\!rL)\U*/\\|\_d7\k=~Yn\Vd\D}%5( bCS%&혇\ԯUO\1\~!яi6<)9eAmhn\A\n\0>;ujŝ{\\\]\ln\\>\\\nӪH\\C\]a\Ƀ\&\\8u\'\\c֮G\\9%n&a(\K\IO-̨\l\\\^(\\TR\Y\*Þ\P=~\w~9rA7}вG\4ņqbXrkonކI;\\D*QP-ԝ2_LϬG\\"]u\\\ZTo惖]a\vǿ~C1G\"\nC)\].eSG\\\*\\\\\\"MYŢк|lZva\`\WQY۸Y,2dֻ:\ߛ\0CQ\S+\NB\w\\\x\\d0%R;_?X\\\\Ŷ8\\\[\twvCn\m\\Y#\w\\s/\~S\R \s \\r݌=A\.T|\0\=\pCf\\\r=KA궼r\N\\{_F|)\\=\\@\wghρx\;\c-\\|H\B9\=\nqq.>\c\?2^\\'1Nt\p8\Jo}Us8\\*G\\b\\ gě%\\\MtR-?r\J.˳FbiK\}x\YÀ\0\K*P5\t\S\e/\ 8\zNz;PP-qsIgG\4\\_4l\w\2+\&\\=R,Vћ`0\'$\ߗ<;qL3\\G6T.>\(%qQ\\C^}z\A\?TXכ\4]i.R\Zà@\n\0sX2o\\xy\\AGR\7K\p	On\*i2ty\H9\Jz.\\Z\+\\R\08[?jxI\y\\,\\͒\\ys6\@{i\x\;\\\+\Y\\+F\U\@\n\0\\\/1~\=Vh\<QxJ)a\\R\'\\bqN\ҲM\p\}k︬\vSr\t\ܼ\p|├2<:.G\exSy鄧\N,\nbv\~[\̆&<q\\\~\?UV6_VdT確\\\"/\k,:[?<q\!Z\?^\\\qrv)V_xbE	C)%7\J\_)iz\ѷ\\Դ\\O4Nw@|\b\\\\J\2\7\nJz\Z_\l\SU\NH\lֽ4\l\Ԗ1\Zݒλڰ\C\nilr\\\\\C^۵\b!eυ|wsuo\u[J#@|)n\\\\_>?7C,ɗg\{5\\Z}p\\c@9\\\\!Þ\ǇݫrC\)ˤe\&<\dѥ{e\3\uS{\\ϟ*l5	\J\\\nHf\O\.YR\sao\\<^\<F;B,\A\\\"P\#/\FD!H\Rχ^\7i<߿/g\XTq\'\\\&Mݝ\0subqT\˿H,R5wXdٷr{\0`Gۧ\0\r)n6]n\ 0ȈY4R5Z,Rg\\'b<{\#0\\8\\r\-s\$i2;w\rQ,\\bʶ\bEC)%_ʌ-\\%:}<j\\\n|\nqZ̨)n1\~@ܬ\\A7_FXl;K\[\rB\my\a֊{Ase\>]WNp\W{\\*fҌQO\&ϭ\Ɠ4\\\<K3\*\>lHD\Pxd$P>GM\a\㙾Z\Ǖ}/\7\\\0\'\~\\|y\ΞζO\Y\Z?T\k޹d;\7\hI({vݱSr\0\%bqHV^oX\.Eo\+ǯP,6׽rY\'\Z_:6\G\&XXJz\赅~0ziI(X\k\D\S\n\08MW+DX\\\\-2Q\A񶚟\\\xp8x\W.e*Bi\\kĢQe\'U/\"+\\fSgMx+k{FS4C\k\n/\xGRJuJy7ĞD\)\0<9\>=\'\\0\TP5\R.\\b\'mnvJǔRJ\	Ozcb\\\Q\\\G\3\N|O,&28\^Rc,\C)%(_\\Z\,\=2\\Ế75\F\u\\\\"Lf\\9Pw\\k(\r1R\\\qLdV\<\`1W8{qS\\t3\\\p$2;\\\\NP\%{KZ\K\nz\V8!\\\\,\n\h>ه(\\HNZ49\=׿\=bQ\\!\\0FW옙n\\s/\nZ\h\\О\\rg݋`rn\-\w\/\Nt2:\'܍J<2:\D\'\\\"\\q&g\D)%&:1RBs:p:C_\\ʪi\\!1j&3Í.\p#C\l;`JS\.=Z!/ڌZ_R\\\rK,I\"\Pz\ہ\o\2\\l%)n\LX\ۗ=T\PJh\R\#\']yU{N\\9\떍\n9\k\\sG^\\C\\\/\͖.\p2KwaN}\rglmEw\9g~00n(5JR 	\_)ɔ=\"c1b.2:?f67o3|(ϝٹ\0\\D<?\n\=p\r\p\U\f\u\'`\\b%U\p\k\\\"\P\ZPJFe\\\ή[ޱ{6S_\{N&&gbJx|\%\\n\\6|ܶ\p\TÅQ\aY\2\Q|a[K5\=\h>۪\Q\2\0\0IDATQx\WP9\e\30\\\mUX,{\=wZKẑQ\c\Nq\HB\+G\\=>!\\粪\\!~xX{1;\?\g+\u\Cd\6iFq\\=\n~}\\b49RZ2y(\\6j\\g[af\<\	K\}Ջz\\ƋFğF-\\\\X|ďp~^0<c\\Ocqݸ>\A\{\ہ/\\\\X\_)\0\\\<\ƍ>RXd褷\0\dل\'-Z\_\0\1\\Xr\0K\2:_\0\ܼM,6t\ہ\\<\"q8 v\D\6\\\K\\9%z`\\\";οA,\"(a(g\S(\\r5BR[\I<S\?/n?&k÷_b\1>\b\\׿|\?A\c\fb\\\Ib\\Z6bg,\L\X{\r\\0\^T=f\=\1:\2U\hO=Fz9{NȚU(^9X\\fL\aāP:\3\\N\-\\\yY\J\[^\B\=D>RJ\nbOd\"Ѻ՞\#ĝ\j~\;7e\\\0\\\\*=\\\\K*\bg	W4U-;\M\}\!ñg4\rp\'%wpzb\-P\[\ѷu\3\\_\0G.X;\\˳\vϧO\\=PݶO\hx\7Q\[\r_\'#\FX\F-\^\\3\\O2\n\0\0?B\1xr\\]~\23=ݰ`nsb\0li?\޳g\M\/\5-dL\lܥdhρUQ\a\0\\v}K!\,/notLJ5\4%L\\JV/֜\ɘR1=bz\\\\\r\0m?аQ|\'G\4\hӱ*|aU\O7v\ȰwTǸDS\PJI#Q\'<uvz\0C>\64nR[\\?\wB\\0\\[/e2\\?EtQ\ZJK\V\e8֗T4kX\l\",Lp\b5|\\\}3\bPB),Lz\\\\C#D|OI\\M\roR,\\4\(\7p\\e!R\0Ϝ	Rr\#7D\ŋC\n8\\lGޅyn#fH\T\s	m򙙧/Xd\\s1\r\\\ζ`ա\\7]\LD6`(!^\"O>SMf\\\\\\MҴ?\t\\\lfx,r%\mmC{D\e/h^ζ\l\\%#\[SS\\\\1	pT]\qF.{#z\r-y\\\\18l/yL3{N\\\^\'\9\bI\Bw\\PJIėp\h\/[r\{w\^mT?\\w> \£C\1\Fz\N}\J\cHMx-\\\'=\\+օl\\W;tG\ }\J\Yz.\\Z\\٥){\pV\O@M٫cH؁3\'\FKsaD!)\@^^\\囚p{\\\b\.\=\\\jY^L^|\"n\hPT\ÿ\#&wOe\'^9I2\\\ڶ@U\N|z28|\%^S\rǚ\t3\*\#W\\½su:\t)9e5Z\{\KO6\Y,\L\#<\t\[1\q	\?\\\\9\>\\Zt#ܮ\CV\")e(Йue\\b˞\aܐ<>uM\_\}\4\"u쉦\\!49/=\"\u˶-\\\3\h8s,(\_\ke\E{\\]v:p:\h\x\ra\nU\z_\9(<\\Q\ш\;U}/Cy=\D4B/P)o+j\!\\\lZ{hX|\\S1ڦ\{_pVX%\<1\\bq8p%\r(<>\\ĸZCdD\i@d23VB\Z\s\\<a\XU\_Q H)G\R\0DQ|\"؆.3\be\\\\\F\KPJs8\J\D8J))\Z\n\\_4\\`TS:w\0՞{I{\r\_[)^h\"%~3QR2Z4\|𞻧;~_#\տO\\,e3c3Qː\7\)`(FGm\"\\햍7G/\R\_\,}\&C\r\r^7\)`($\\\\\wq_}Ӿ3YRX7	<4\^a %\"-EI+\py=\\߆?L\/n\\\نwo|o\\\\\qQ\pRY\PJI\gc@*\z\]3RƜkD\+oE*\^7<u#@s!.K\~dDDJ)\~n|\\\x\ǥ\Oǀ\9\C\0\0o5XÅk}.z\g]ykR\C\\ې,\(\0>K\v?݈]miߏ\;i\Yv\\\s0G.\CY\\\9;Q9\r9\`\"%J\ZpG\'RJn1@\z\QRܩ($B(MQbw	?V\C$2Q8J)\\\",|\\r(%J1jAD^,E%JVR\"C)%?/ꝘD\\uH\&\^?4C)Q\\@JDa(͞\h\Mb~Pjbp\xR\"5\')E?U(eD+<F^d\t\d %(\\']fVDI\?\\\\ZD2ѣKTx\P\">RJQ\DI\@JDPJ)\\iw}DI%))\C);/\W \\^,\'\"RJ)vl\YQR\mC(J)\$}^\\"J₡R]=v\Cp:]\\↟>r\\Z\"()f\s\rR\"\'RJ9vLv#\%43\(\J)\(\(9N8~C)H{:#ݟ(9\tq(%~\"QJ4TF;Q\Ər=%RJIRNrT\D\J)%EI#D\G(\1R.\ݏ(1q(%~JQ\\n7\\Q\q8\r8~C)p\ex{%\\"\\PJ)+\L\ZD\DJ)>4\\%\z%$\O.JiFLRJV\\C)PCfh&J^\'PJ-\P\Z\\\\\+\(5RZ\3\\\;\r\(U0R2\KJIAw={G(\SRհi\QD#r2 RJyC\\Ŝtg&Q\n\\'<QD&J)\YF\Q{G(MӎR\ϭH\%t\PJig\Z7\A\%4\O>J&-_\\'\\Q\"JkLC\vhq8\txP\"J{\B\f(p\cG\%\"b(`9\Adǎ\\'\"P^T\"\Ha\\;G\#Ùb\\\[HP\p\V1R4\ERU&É\\"\L\|J\%-S]J!R}\|\%t8\0\\\tBn9Q8K<R=Qh*JEN\˞:\D!\ODDH\P*q:c8ޔ\?ur8pep\'\"H$\\'\\+\(r\SȔr\'q$)B)]\\\$\\\׻OdK<\-iBD\n\'CQ3hp	@\ODDK\OU4\B!Ga(ڒӕ3)A!\\\\(Q̧\tp0\Z\}\2ʞRR¨|b%e?uU\cNI\"dPFRFA\v}\pB!849p:e%\"v:	Q\9w:y@D\&J\pʥҘ?Nӏ2(](\KI1F\4\0JD\6Jp\ۗ@){JSC\(Q\KP*22T(#iR1\?6C\xi?%I=\)M)^QΤ\'\"J:\6 MboKjaOi\n{E3{JD\J-z`\\8xi?1&=~\\0\\ҥ}\$1_`SiRa(QJc(\rS\=&F2p8i`(Qzp\\\\_\\r4g\\p\I\\p	\'\tX\Ǟ\\\\\7Q:{zq&\XL\˳\h\<%ǎ\DVN9\\b1\\\\\\b1Q\\kaDDDDwDDDDwDDDDwDDDDwDDDDwDDDDwDDDDwDDDDwDDDDwDDDDwDDDDwDDDDwDDDDwDDDDwDDDDwDDDDwDDDDwDDDDwDDDDwDDDDwDDDDwDDDDwDDDDwDDDDwDDDDwDDDDwDDDDwDDDDwDDDDwDDDDwDDDDwDDDDwDDDDwDDDDwDDDDwDDDDwDDDDwDDDDwDDDDwDDDDwDDDDwDDDDwDDDDwDDDDwDDDDwDDDDw~\'9-n J4W\n\'\)ˉH7\{tΙ\Z(\I\\"\0\0\0\0IENDB`','2025-07-04 00:00:00');
/*!40000 ALTER TABLE `certificados` ENABLE KEYS */;
UNLOCK TABLES;

--
-- Table structure for table `ecopontos`
--

DROP TABLE IF EXISTS `ecopontos`;
/*!40101 SET @saved_cs_client     = @@character_set_client */;
/*!50503 SET character_set_client = utf8mb4 */;
CREATE TABLE `ecopontos` (
  `id_ponto` int NOT NULL AUTO_INCREMENT,
  `id_usuario` int DEFAULT NULL,
  `total_pontos` int DEFAULT '0',
  `atualizado_em` datetime DEFAULT CURRENT_TIMESTAMP,
  PRIMARY KEY (`id_ponto`),
  KEY `id_usuario` (`id_usuario`),
  CONSTRAINT `ecopontos_ibfk_1` FOREIGN KEY (`id_usuario`) REFERENCES `usuario` (`id_usuario`)
) ENGINE=InnoDB AUTO_INCREMENT=2 DEFAULT CHARSET=utf8mb4 COLLATE=utf8mb4_0900_ai_ci;
/*!40101 SET character_set_client = @saved_cs_client */;

--
-- Dumping data for table `ecopontos`
--

LOCK TABLES `ecopontos` WRITE;
/*!40000 ALTER TABLE `ecopontos` DISABLE KEYS */;
INSERT INTO `ecopontos` VALUES (1,1,231,'2025-07-04 00:00:00');
/*!40000 ALTER TABLE `ecopontos` ENABLE KEYS */;
UNLOCK TABLES;

--
-- Table structure for table `habito`
--

DROP TABLE IF EXISTS `habito`;
/*!40101 SET @saved_cs_client     = @@character_set_client */;
/*!50503 SET character_set_client = utf8mb4 */;
CREATE TABLE `habito` (
  `id_habito` int NOT NULL AUTO_INCREMENT,
  `nome` varchar(100) NOT NULL,
  `descricao` text,
  `pontuacao` int NOT NULL,
  PRIMARY KEY (`id_habito`)
) ENGINE=InnoDB AUTO_INCREMENT=8 DEFAULT CHARSET=utf8mb4 COLLATE=utf8mb4_0900_ai_ci;
/*!40101 SET character_set_client = @saved_cs_client */;

--
-- Dumping data for table `habito`
--

LOCK TABLES `habito` WRITE;
/*!40000 ALTER TABLE `habito` DISABLE KEYS */;
INSERT INTO `habito` VALUES (1,'Separação de Lixo Reciclável','Realizar a segregação correta de materiais recicláveis como papel, plástico, vidro e metal em casa ou no trabalho.',10),(2,'Coleta de Lixo Orgânico','Compostar resíduos orgânicos ou participar de programas de coleta seletiva de orgânicos para reduzir o descarte em aterros.',50),(3,'Descarte de Lixo Eletrônico','Levar eletrônicos antigos, pilhas e baterias a pontos de coleta específicos para descarte e reciclagem adequados.',100),(4,'Economia de Água','Adotar práticas para reduzir o consumo de água, como banhos mais curtos, conserto de vazamentos e reuso de água quando possível.',20),(5,'Uso de Transporte Sustentável','Optar por meios de transporte de baixo impacto ambiental, como bicicleta, caminhada ou transporte público, em vez de veículos poluentes.',30),(6,'Participação em Mutirão de Limpeza','Contribuir ativamente em ações comunitárias de limpeza de praias, rios, parques ou espaços públicos.',150),(7,'Compra de um Produto Sustentável/Local','Escolher produtos de empresas com práticas sustentáveis ou de produtores locais, apoiando a economia circular e reduzindo a pegada de carbono.',70);
/*!40000 ALTER TABLE `habito` ENABLE KEYS */;
UNLOCK TABLES;

--
-- Table structure for table `perguntavalidacao`
--

DROP TABLE IF EXISTS `perguntavalidacao`;
/*!40101 SET @saved_cs_client     = @@character_set_client */;
/*!50503 SET character_set_client = utf8mb4 */;
CREATE TABLE `perguntavalidacao` (
  `id_pergunta` int NOT NULL AUTO_INCREMENT,
  `id_habito` int DEFAULT NULL,
  `pergunta` text NOT NULL,
  `resposta_correta` varchar(255) NOT NULL,
  `resposta_incorreta` varchar(255) DEFAULT NULL,
  PRIMARY KEY (`id_pergunta`),
  KEY `id_habito` (`id_habito`),
  CONSTRAINT `perguntavalidacao_ibfk_1` FOREIGN KEY (`id_habito`) REFERENCES `habito` (`id_habito`)
) ENGINE=InnoDB AUTO_INCREMENT=126 DEFAULT CHARSET=utf8mb4 COLLATE=utf8mb4_0900_ai_ci;
/*!40101 SET character_set_client = @saved_cs_client */;

--
-- Dumping data for table `perguntavalidacao`
--

LOCK TABLES `perguntavalidacao` WRITE;
/*!40000 ALTER TABLE `perguntavalidacao` DISABLE KEYS */;
INSERT INTO `perguntavalidacao` VALUES (1,1,'Qual material NÃO é comumente aceito na coleta seletiva de lixo reciclável?','Lixo orgânico','Papelão'),(2,2,'Qual item é adequado para compostagem de lixo orgânico?','Cascas de frutas','Óleo de cozinha'),(3,3,'Onde você deve descartar corretamente um celular antigo?','Ponto de coleta específico de eletrônicos','Lixo comum'),(4,4,'Qual ação mais contribui para a economia de água no dia a dia?','Fechar a torneira ao escovar os dentes','Usar a máquina de lavar em carga mínima'),(5,5,'Qual é um exemplo de transporte sustentável?','Bicicleta','Carro particular'),(6,6,'Qual o principal objetivo de um mutirão de limpeza de praia?','Remover o lixo e proteger o ecossistema marinho','Fazer um piquenique'),(7,7,'Ao comprar um produto sustentável, qual característica é mais importante observar?','Certificação ambiental ou origem local','Embalagem bonita'),(8,1,'Qual material pode ser descartado na lixeira de papel?','Jornal e papelão','Papel engordurado'),(9,1,'Qual item de plástico é reciclável?','Garrafas PET de refrigerante','Embalagens de salgadinho metalizadas'),(10,1,'O que deve ser feito com embalagens de vidro antes de descartar?','Lavar e secar','Quebrar para economizar espaço'),(11,1,'Onde descartar latas de alumínio?','Lixeira de metais','Lixo orgânico'),(12,1,'É necessário lavar todos os potes plásticos antes de reciclar?','Sim, para evitar contaminação','Não, a coleta seletiva faz a limpeza'),(13,2,'Qual tipo de resíduo pode ser usado em uma composteira doméstica?','Restos de frutas e legumes','Óleo de cozinha usado'),(14,2,'Qual a principal finalidade da compostagem?','Produzir adubo orgânico','Acelerar a decomposição do lixo'),(15,2,'Cascas de ovos podem ir para a compostagem?','Sim, são ricas em cálcio','Não, atraem insetos'),(16,2,'O que não deve ser descartado no lixo orgânico para compostagem?','Carnes e laticínios','Borra de café'),(17,2,'Qual a importância de separar o lixo orgânico?','Reduzir a quantidade de lixo em aterros','Facilitar a queima de resíduos'),(18,3,'Onde descartar pilhas e baterias usadas?','Pontos de coleta específicos (Ecopontos, lojas)','Lixo comum'),(19,3,'Por que é importante descartar corretamente o lixo eletrônico?','Evitar a contaminação do solo e da água por metais pesados','Apenas para economizar espaço em casa'),(20,3,'Qual o destino correto de um celular antigo que não funciona mais?','Descarte em pontos de coleta de eletrônicos','Jogar no lixo reciclável junto com plásticos'),(21,3,'Posso jogar um eletrodoméstico grande (como uma geladeira) no lixo da rua?','Não, deve ser encaminhado para reciclagem ou descarte especial','Sim, se a prefeitura tiver serviço de recolhimento de entulhos'),(22,3,'Componentes eletrônicos podem ser reutilizados?','Sim, alguns podem ser recuperados e utilizados em novos produtos','Não, uma vez quebrados não têm mais utilidade'),(23,4,'Qual a melhor forma de economizar água no banho?','Tomar banhos curtos e fechar o chuveiro ao se ensaboar','Deixar o chuveiro ligado para aquecer o banheiro'),(24,4,'Como posso reaproveitar a água da máquina de lavar roupa?','Para lavar o quintal ou o carro','Para regar plantas comestíveis'),(25,4,'Qual medida simples ajuda a evitar o desperdício de água na descarga do vaso sanitário?','Evitar descartar lixo no vaso, usando-o apenas para o necessário','Descobrir o tanque da descarga para ver o nível de água'),(26,4,'É eficiente usar a água de cozinhar legumes para regar plantas?','Sim, após esfriar, pois contém nutrientes','Não, pode prejudicar as plantas'),(27,4,'O que fazer ao lavar a louça para economizar água?','Ensaboar todas as louças com a torneira fechada e depois enxaguar','Deixar a torneira aberta enquanto esfrega as louças'),(28,5,'Qual a vantagem de usar bicicleta para ir ao trabalho, se possível?','Reduz a emissão de gases poluentes e contribui para a saúde','É mais rápido que o carro em qualquer situação'),(29,5,'O que é mais sustentável para um deslocamento curto de 2 km?','Caminhar','Pegar um carro particular'),(30,5,'Qual o impacto ambiental do uso do transporte público em vez do carro individual?','Reduz o número de carros nas ruas e a poluição do ar','Aumenta o congestionamento, pois mais pessoas usam o mesmo veículo'),(31,5,'Além da bicicleta, qual outro meio de transporte não motorizado contribui para a sustentabilidade?','Patins','Moto elétrica'),(32,5,'Usar carona solidária é uma forma de transporte sustentável?','Sim, pois otimiza o uso de um veículo e reduz a emissão por pessoa','Não, pois ainda usa um veículo motorizado'),(33,6,'Qual a principal finalidade de um mutirão de limpeza em um rio?','Remover o lixo acumulado e proteger a vida aquática','Apenas deixar o local mais bonito'),(34,6,'O que se espera de um participante de um mutirão de limpeza?','Colaborar ativamente na coleta e separação do lixo','Apenas supervisionar o trabalho dos outros'),(35,6,'Mutirões de limpeza podem conscientizar a comunidade?','Sim, sobre a importância do descarte correto do lixo e a preservação ambiental','Não, as pessoas já sabem o que fazer'),(36,7,'Por que é mais sustentável comprar produtos de feiras locais?','Reduz a pegada de carbono do transporte e apoia produtores da região','Os produtos são sempre mais baratos que no supermercado'),(37,1,'O que fazer antes de jogar embalagens no lixo reciclável?','Lavar e secar','Misturar com restos de comida'),(38,1,'Por que separar plástico e papel no lixo?','Para facilitar a reciclagem','Para ocupar mais espaço'),(39,1,'Papel sujo pode ser reciclado?','Não, porque contamina','Sim, sempre'),(40,1,'Por que o lixo reciclável deve estar limpo?','Para não atrair insetos e permitir reciclagem','Para ficar mais bonito'),(41,1,'Onde jogar caixas engorduradas de pizza?','No lixo comum','No reciclável'),(42,2,'O que é compostagem?','Transformar restos de comida em adubo','Queimar lixo no quintal'),(43,2,'Quais resíduos vão para a compostagem?','Restos de frutas e verduras','Plástico e vidro'),(44,2,'Por que separar o lixo orgânico?','Para produzir adubo e reduzir poluição','Para dificultar a coleta'),(45,2,'O que faz um biodigestor?','Gera biogás e adubo','Armazena lixo sem uso'),(46,2,'Por que compostar restos de comida?','Para evitar desperdício','Para ocupar espaço'),(47,3,'O que é lixo eletrônico?','Pilhas, baterias e celulares velhos','Restos de comida'),(48,3,'Por que não jogar pilhas no lixo comum?','Porque poluem o solo','Porque fazem barulho'),(49,3,'Onde descartar eletrônicos usados?','Em pontos de coleta','Na lixeira comum'),(50,3,'O que pode acontecer com lixo eletrônico?','Contamina o ambiente','Nada de importante'),(51,3,'O que é logística reversa?','Devolver produtos usados ao fabricante','Guardar lixo em casa'),(52,4,'Por que tomar banho curto?','Para economizar água','Para economizar sabão'),(53,4,'Como reaproveitar água?','Usar água da máquina para lavar chão','Jogar tudo no ralo'),(54,4,'Por que consertar torneira pingando?','Para não desperdiçar água','Para não molhar a pia'),(55,4,'Por que instalar descarga econômica?','Para gastar menos água','Para ficar mais moderna'),(56,4,'Como economizar água ao escovar os dentes?','Fechar a torneira','Deixar a torneira aberta'),(57,5,'Por que andar de bicicleta?','Para não poluir o ar','Para chegar mais rápido sempre'),(58,5,'Como transporte público ajuda o planeta?','Reduz a poluição','Aumenta o trânsito'),(59,5,'Por que caminhar é sustentável?','Porque não emite poluentes','Porque cansa menos'),(60,5,'O que é carona solidária?','Dividir o carro com outras pessoas','Pedir carro emprestado'),(61,5,'Por que usar carro elétrico?','Para evitar gases poluentes','Porque é moda'),(62,6,'Para que serve um mutirão de limpeza?','Limpar áreas e conscientizar','Fazer encontros sociais'),(63,6,'Quem pode participar de mutirões?','Qualquer voluntário','Só funcionários públicos'),(64,6,'O que fazer durante um mutirão?','Separar o lixo corretamente','Ficar observando'),(65,6,'Mutirão ajuda a educar a comunidade?','Sim, sobre descarte correto','Não, só limpa o local'),(66,6,'Por que limpar rios e praias?','Para proteger animais e pessoas','Para deixar mais bonito apenas'),(67,7,'Por que comprar de produtores locais?','Para reduzir transporte e poluição','Porque são mais baratos sempre'),(68,7,'O que é um produto sustentável?','Produto com menor impacto ambiental','Produto mais caro'),(69,7,'Por que preferir embalagens recicláveis?','Facilitam a reciclagem','São mais bonitas'),(70,7,'Como consumo consciente ajuda?','Reduz desperdício','Aumenta consumo'),(71,7,'Por que comprar alimentos orgânicos?','São livres de agrotóxicos','Têm cor mais bonita'),(72,1,'Por que separar vidro no lixo?','Para reciclar corretamente','Para ocupar menos espaço'),(73,1,'O que fazer com potes de vidro antes de descartar?','Lavar e retirar tampas','Misturar com lixo comum'),(74,1,'Por que latas devem ser amassadas antes do descarte?','Para reduzir o volume','Para ficarem mais bonitas'),(75,2,'Quais restos não devem ir na compostagem?','Carne e óleo','Casca de frutas'),(76,2,'Por que compostar cascas de legumes?','Para produzir adubo natural','Para deixar o lixo cheiroso'),(77,2,'O que a compostagem evita?','O acúmulo de lixo em aterros','O uso de sacolas plásticas'),(78,3,'Qual perigo do lixo eletrônico?','Pode contaminar água e solo','Pode estragar o saco de lixo'),(79,3,'Onde descartar pilhas usadas?','Em coletores específicos','Na lixeira do banheiro'),(80,3,'Por que reciclar aparelhos antigos?','Para reaproveitar materiais','Para liberar espaço rápido'),(81,4,'Por que usar balde para lavar o carro?','Economiza água','É mais rápido'),(82,4,'O que fazer ao ver vazamento?','Chamar conserto imediato','Ignorar se for pequeno'),(83,4,'Por que fechar a torneira ao ensaboar as mãos?','Para evitar desperdício','Para economizar sabão'),(84,4,'Por que reutilizar água da chuva?','Para regar plantas','Para beber direto'),(85,5,'Por que evitar usar carro todos os dias?','Para diminuir poluição','Para cansar menos'),(86,5,'O que transporte coletivo reduz?','Tráfego e poluição','O número de pessoas na rua'),(87,5,'Por que dar carona?','Para reduzir emissões','Para não ir sozinho'),(88,5,'Por que caminhar pequenas distâncias?','Ajuda o planeta e a saúde','Gasta mais tempo sempre'),(89,6,'Qual objetivo de limpar uma praça?','Remover lixo e conscientizar','Fazer fotos bonitas'),(90,6,'Como ajudar no mutirão?','Coletando e separando resíduos','Jogando lixo de volta'),(91,6,'Mutirão pode envolver crianças?','Sim, para aprenderem','Não, só adultos'),(92,6,'Por que levar luvas no mutirão?','Para proteção','Para parecer profissional'),(93,7,'Por que escolher produtos regionais?','Valorizam economia local','São sempre mais baratos'),(94,7,'O que embalagem biodegradável faz?','Se decompõe rápido','Dura para sempre'),(95,7,'Por que preferir produtos com menos embalagem?','Para gerar menos lixo','Para caber mais no armário'),(96,7,'O que consumo consciente significa?','Comprar só o necessário','Comprar tudo que gostar'),(97,7,'Por que apoiar marcas sustentáveis?','Reduz impacto ambiental','Ganhar brindes sempre'),(98,7,'O que feira orgânica oferece?','Alimentos sem agrotóxicos','Produtos industrializados'),(99,7,'Por que evitar sacolas plásticas?','Para não poluir rios','Porque rasgam fácil'),(100,7,'Por que reutilizar embalagens?','Para reduzir lixo','Para ocupar espaço em casa'),(101,1,'Qual a principal vantagem de segregar o lixo reciclável em nível doméstico?','Facilitar o processo de reciclagem e a reutilização de materiais','Aumentar o volume de resíduos descartados em aterros sanitários'),(102,1,'Ao descartar materiais recicláveis, como garrafas plásticas, qual ação adicional otimiza o armazenamento e transporte?','Amassar e compactar as garrafas para reduzir seu volume','Descartar as garrafas sem compactação'),(103,1,'Qual a importância de conhecer os tipos de materiais que podem ser reciclados?','Garantir a eficácia da coleta seletiva e o correto processamento dos resíduos','Evitar o descarte correto de materiais valiosos'),(104,1,'O que a ausência de lixeiras separadas para recicláveis em casa geralmente indica?','Uma possível dificuldade em realizar a separação adequada dos resíduos','Uma prática de descarte organizada e eficiente'),(105,1,'Considerando a destinação final, qual a melhor forma de proceder com embalagens de alimentos antes da reciclagem?','Realizar uma limpeza básica para evitar contaminação e odores','Descartá-las com restos de alimentos, sem limpeza prévia'),(106,2,'Qual o principal destino do lixo orgânico quando ele é coletado separadamente para compostagem?','Transformação em adubo natural para uso agrícola ou doméstico','Acúmulo em aterros, contribuindo para a emissão de gases poluentes'),(107,2,'A separação do lixo orgânico em ambiente doméstico contribui diretamente para qual objetivo?','A redução do volume de resíduos destinados a aterros sanitários','O aumento da quantidade de lixo misturado'),(108,2,'Qual benefício adicional pode ser gerado a partir do lixo orgânico quando processado em biodigestores?','Geração de biogás, uma fonte de energia renovável','Produção de resíduos tóxicos para o meio ambiente'),(109,2,'Qual a consequência de não separar o lixo orgânico do lixo comum?','Contaminação dos materiais recicláveis e atração de vetores','Melhor aproveitamento de todos os resíduos'),(110,2,'A compostagem doméstica é uma prática que?','Promove a reciclagem de nutrientes e a fertilidade do solo','Não traz benefícios significativos para o meio ambiente'),(111,3,'Qual o risco ambiental primário do descarte incorreto de pilhas e baterias?','Contaminação do solo e dos recursos hídricos por metais pesados','Melhoria da qualidade do solo e da água'),(112,3,'Ao descartar um eletrodoméstico de grande porte, qual a ação mais responsável?','Encaminhá-lo a pontos de coleta especializados ou empresas de logística reversa','Deixá-lo em qualquer lixeira ou na rua para coleta convencional'),(113,3,'Por que é crucial pesquisar pontos de coleta específicos para lixo eletrônico?','Para assegurar que os componentes tóxicos sejam tratados adequadamente e os recicláveis reaproveitados','Para dificultar o processo de descarte para o consumidor'),(114,3,'A logística reversa de produtos eletrônicos visa principalmente a quê?','Retornar os produtos pós-consumo ao ciclo produtivo para reutilização ou reciclagem','Aumentar o custo de produção para as empresas'),(115,3,'Qual a principal diferença entre o descarte de lixo eletrônico e o lixo comum?','O lixo eletrônico contém componentes que exigem tratamento e reciclagem especiais devido à sua toxicidade e valor','Não há diferença significativa, ambos podem ser descartados da mesma forma'),(116,4,'Qual prática em casa mais contribui para a redução imediata do consumo de água?','Realizar banhos de curta duração e fechar a torneira durante a escovação dos dentes','Lavar o carro com mangueira aberta por tempo prolongado'),(117,4,'O reaproveitamento da água da máquina de lavar roupas é uma prática que?','Permite a utilização da água para outras finalidades, como limpeza de pisos e rega de plantas','Aumenta o consumo de água na residência'),(118,4,'Por que é importante verificar e corrigir vazamentos em torneiras e descargas?','Para evitar o desperdício significativo de água e reduzir a conta de consumo','Para manter a pressão da água constante, sem relação com o consumo'),(119,4,'Qual o horário mais eficiente para regar jardins e plantas, visando à economia de água?','No início da manhã ou ao final da tarde, para minimizar a evaporação','No meio do dia, sob sol forte, para secagem rápida'),(120,4,'A instalação de dispositivos economizadores de água, como arejadores em torneiras, tem como objetivo?','Reduzir o volume de água utilizado, mantendo a sensação de fluxo adequado','Aumentar o fluxo de água, tornando o uso mais rápido'),(121,5,'Qual o benefício ambiental direto da escolha pela bicicleta como meio de transporte?','Redução da emissão de gases de efeito estufa e da poluição sonora','Emissão de gases poluentes e ruído na atmosfera'),(122,5,'Em termos de saúde e impacto ambiental, qual a vantagem de preferir a caminhada para distâncias curtas?','Promoção da atividade física e ausência de emissões poluentes','Contribuição para o congestionamento do tráfego'),(123,5,'A utilização do transporte público em detrimento do carro particular contribui para qual aspecto urbano?','A diminuição do tráfego, da poluição do ar e do consumo de combustíveis','O aumento do número de veículos nas ruas e o congestionamento'),(124,5,'Qual a principal desvantagem socioambiental de uma cidade que prioriza excessivamente o transporte individual motorizado?','Aumento da poluição sonora e do ar, além de maiores congestionamentos','Melhoria da qualidade do ar e redução de engarrafamentos'),(125,5,'Qual a relação entre o uso de transporte sustentável e a infraestrutura de uma cidade?','A existência de uma boa infraestrutura estimula e facilita a adoção de meios de transporte mais sustentáveis','Uma boa infraestrutura de transporte sustentável (ciclovias, calçadas) é irrelevante para seu uso');
/*!40000 ALTER TABLE `perguntavalidacao` ENABLE KEYS */;
UNLOCK TABLES;

--
-- Table structure for table `quiztentativa`
--

DROP TABLE IF EXISTS `quiztentativa`;
/*!40101 SET @saved_cs_client     = @@character_set_client */;
/*!50503 SET character_set_client = utf8mb4 */;
CREATE TABLE `quiztentativa` (
  `id_tentativa` int NOT NULL AUTO_INCREMENT,
  `id_usuario` int DEFAULT NULL,
  `id_pergunta` int DEFAULT NULL,
  `resposta_usuario` varchar(255) DEFAULT NULL,
  `correta` tinyint(1) DEFAULT NULL,
  `data_tentativa` datetime DEFAULT CURRENT_TIMESTAMP,
  PRIMARY KEY (`id_tentativa`),
  KEY `id_usuario` (`id_usuario`),
  KEY `id_pergunta` (`id_pergunta`),
  CONSTRAINT `quiztentativa_ibfk_1` FOREIGN KEY (`id_usuario`) REFERENCES `usuario` (`id_usuario`),
  CONSTRAINT `quiztentativa_ibfk_2` FOREIGN KEY (`id_pergunta`) REFERENCES `perguntavalidacao` (`id_pergunta`)
) ENGINE=InnoDB AUTO_INCREMENT=95 DEFAULT CHARSET=utf8mb4 COLLATE=utf8mb4_0900_ai_ci;
/*!40101 SET character_set_client = @saved_cs_client */;

--
-- Dumping data for table `quiztentativa`
--

LOCK TABLES `quiztentativa` WRITE;
/*!40000 ALTER TABLE `quiztentativa` DISABLE KEYS */;
INSERT INTO `quiztentativa` VALUES (89,1,2,'Cascas de frutas',1,'2025-07-04 00:00:00'),(90,1,7,'Embalagem bonita',0,'2025-07-04 00:00:00'),(91,1,3,'Ponto de coleta específico de eletrônicos',1,'2025-07-04 00:00:00'),(92,1,54,'Para não desperdiçar água',1,'2025-07-04 00:00:00'),(93,1,64,'Separar o lixo corretamente',1,'2025-07-04 00:00:00'),(94,1,74,'Para reduzir o volume',1,'2025-07-04 00:00:00');
/*!40000 ALTER TABLE `quiztentativa` ENABLE KEYS */;
UNLOCK TABLES;

--
-- Table structure for table `registrohabito`
--

DROP TABLE IF EXISTS `registrohabito`;
/*!40101 SET @saved_cs_client     = @@character_set_client */;
/*!50503 SET character_set_client = utf8mb4 */;
CREATE TABLE `registrohabito` (
  `id_registro` int NOT NULL AUTO_INCREMENT,
  `id_usuario` int DEFAULT NULL,
  `id_habito` int DEFAULT NULL,
  `data_registro` date NOT NULL,
  `validado` tinyint(1) DEFAULT '0',
  PRIMARY KEY (`id_registro`),
  KEY `id_usuario` (`id_usuario`),
  KEY `id_habito` (`id_habito`),
  CONSTRAINT `registrohabito_ibfk_1` FOREIGN KEY (`id_usuario`) REFERENCES `usuario` (`id_usuario`),
  CONSTRAINT `registrohabito_ibfk_2` FOREIGN KEY (`id_habito`) REFERENCES `habito` (`id_habito`)
) ENGINE=InnoDB AUTO_INCREMENT=66 DEFAULT CHARSET=utf8mb4 COLLATE=utf8mb4_0900_ai_ci;
/*!40101 SET character_set_client = @saved_cs_client */;

--
-- Dumping data for table `registrohabito`
--

LOCK TABLES `registrohabito` WRITE;
/*!40000 ALTER TABLE `registrohabito` DISABLE KEYS */;
INSERT INTO `registrohabito` VALUES (60,1,2,'2025-07-04',1),(61,1,7,'2025-07-04',0),(62,1,3,'2025-07-04',1),(63,1,4,'2025-07-04',1),(64,1,6,'2025-07-04',1),(65,1,1,'2025-07-04',1);
/*!40000 ALTER TABLE `registrohabito` ENABLE KEYS */;
UNLOCK TABLES;

--
-- Table structure for table `usuario`
--

DROP TABLE IF EXISTS `usuario`;
/*!40101 SET @saved_cs_client     = @@character_set_client */;
/*!50503 SET character_set_client = utf8mb4 */;
CREATE TABLE `usuario` (
  `id_usuario` int NOT NULL AUTO_INCREMENT,
  `nome` varchar(100) NOT NULL,
  `email` varchar(100) NOT NULL,
  `senha` varchar(255) NOT NULL,
  PRIMARY KEY (`id_usuario`),
  UNIQUE KEY `email` (`email`),
  CONSTRAINT `usuario_chk_1` CHECK (regexp_like(`email`,_utf8mb4'^[a-zA-Z0-9._%+-]+@(gmail\\.com|outlook\\.com|hotmail\\.com)$')),
  CONSTRAINT `usuario_chk_2` CHECK (regexp_like(`senha`,_utf8mb4'^(?=.*[a-z])(?=.*[0-9])(?=.*[!@#$%^&*()_+\\-={}\\[\\]|;:\\"<>,.?/]).{6,}$'))
) ENGINE=InnoDB AUTO_INCREMENT=2 DEFAULT CHARSET=utf8mb4 COLLATE=utf8mb4_0900_ai_ci;
/*!40101 SET character_set_client = @saved_cs_client */;

--
-- Dumping data for table `usuario`
--

LOCK TABLES `usuario` WRITE;
/*!40000 ALTER TABLE `usuario` DISABLE KEYS */;
INSERT INTO `usuario` VALUES (1,'Andressa Bezerra','aaaaaa@gmail.com','Senha@123');
/*!40000 ALTER TABLE `usuario` ENABLE KEYS */;
UNLOCK TABLES;

--
-- Dumping routines for database 'aps'
--
/*!40103 SET TIME_ZONE=@OLD_TIME_ZONE */;

/*!40101 SET SQL_MODE=@OLD_SQL_MODE */;
/*!40014 SET FOREIGN_KEY_CHECKS=@OLD_FOREIGN_KEY_CHECKS */;
/*!40014 SET UNIQUE_CHECKS=@OLD_UNIQUE_CHECKS */;
/*!40101 SET CHARACTER_SET_CLIENT=@OLD_CHARACTER_SET_CLIENT */;
/*!40101 SET CHARACTER_SET_RESULTS=@OLD_CHARACTER_SET_RESULTS */;
/*!40101 SET COLLATION_CONNECTION=@OLD_COLLATION_CONNECTION */;
/*!40111 SET SQL_NOTES=@OLD_SQL_NOTES */;

-- Dump completed on 2025-07-04 10:35:29
